{
	"credit": "Made with Blockbench",
	"parent": "block/ladder",
	"ambientocclusion": false,
	"textures": {
		"particle": "abundance:block/jacaranda_ladder",
		"texture": "abundance:block/jacaranda_ladder"
	},
	"elements": [
		{
			"from": [5, 14, 15],
			"to": [11, 16, 16],
			"faces": {
				"north": {"uv": [5, 0, 11, 2], "texture": "#texture"},
				"east": {"uv": [5, 0, 6, 2], "texture": "#texture"},
				"south": {"uv": [11, 0, 5, 2], "texture": "#texture"},
				"west": {"uv": [10, 0, 11, 2], "texture": "#texture"},
				"up": {"uv": [11, 0, 5, 1], "texture": "#texture"},
				"down": {"uv": [11, 1, 5, 2], "texture": "#texture"}
			}
		},
		{
			"from": [5, 9, 15],
			"to": [11, 12, 16],
			"faces": {
				"north": {"uv": [5, 4, 11, 7], "texture": "#texture"},
				"east": {"uv": [5, 4, 6, 7], "texture": "#texture"},
				"south": {"uv": [11, 4, 5, 7], "texture": "#texture"},
				"west": {"uv": [10, 4, 11, 7], "texture": "#texture"},
				"up": {"uv": [11, 4, 5, 5], "texture": "#texture"},
				"down": {"uv": [11, 6, 5, 7], "texture": "#texture"}
			}
		},
		{
			"from": [5, 4, 15],
			"to": [11, 7, 16],
			"faces": {
				"north": {"uv": [5, 9, 11, 12], "texture": "#texture"},
				"east": {"uv": [5, 9, 6, 12], "texture": "#texture"},
				"south": {"uv": [11, 9, 5, 12], "texture": "#texture"},
				"west": {"uv": [10, 9, 11, 12], "texture": "#texture"},
				"up": {"uv": [11, 9, 5, 10], "texture": "#texture"},
				"down": {"uv": [11, 11, 5, 12], "texture": "#texture"}
			}
		},
		{
			"from": [5, 0, 15],
			"to": [11, 2, 16],
			"faces": {
				"north": {"uv": [5, 14, 11, 16], "texture": "#texture"},
				"east": {"uv": [5, 14, 6, 16], "texture": "#texture"},
				"south": {"uv": [11, 14, 5, 16], "texture": "#texture"},
				"west": {"uv": [10, 14, 11, 16], "texture": "#texture"},
				"up": {"uv": [11, 14, 5, 15], "texture": "#texture"},
				"down": {"uv": [11, 15, 5, 16], "texture": "#texture"}
			}
		},
		{
			"from": [13, 11, 15],
			"to": [15, 14, 16],
			"faces": {
				"north": {"uv": [1, 2, 3, 5], "texture": "#texture"},
				"east": {"uv": [1, 2, 2, 5], "texture": "#texture"},
				"south": {"uv": [3, 2, 1, 5], "texture": "#texture"},
				"west": {"uv": [2, 2, 3, 5], "texture": "#texture"},
				"up": {"uv": [3, 2, 1, 3], "texture": "#texture"},
				"down": {"uv": [3, 4, 1, 5], "texture": "#texture"}
			}
		},
		{
			"from": [3, 12, 15],
			"to": [13, 14, 16],
			"faces": {
				"north": {"uv": [3, 2, 13, 4], "texture": "#texture"},
				"east": {"uv": [3, 2, 4, 4], "texture": "#texture"},
				"south": {"uv": [13, 2, 3, 4], "texture": "#texture"},
				"west": {"uv": [12, 2, 13, 4], "texture": "#texture"},
				"up": {"uv": [13, 2, 3, 3], "texture": "#texture"},
				"down": {"uv": [13, 3, 3, 4], "texture": "#texture"}
			}
		},
		{
			"from": [1, 11, 15],
			"to": [3, 14, 16],
			"faces": {
				"north": {"uv": [13, 2, 15, 5], "texture": "#texture"},
				"east": {"uv": [13, 2, 14, 5], "texture": "#texture"},
				"south": {"uv": [15, 2, 13, 5], "texture": "#texture"},
				"west": {"uv": [14, 2, 15, 5], "texture": "#texture"},
				"up": {"uv": [15, 2, 13, 3], "texture": "#texture"},
				"down": {"uv": [15, 4, 13, 5], "texture": "#texture"}
			}
		},
		{
			"from": [13, 6, 15],
			"to": [15, 9, 16],
			"faces": {
				"north": {"uv": [1, 7, 3, 10], "texture": "#texture"},
				"east": {"uv": [1, 7, 2, 10], "texture": "#texture"},
				"south": {"uv": [3, 7, 1, 10], "texture": "#texture"},
				"west": {"uv": [2, 7, 3, 10], "texture": "#texture"},
				"up": {"uv": [3, 7, 1, 8], "texture": "#texture"},
				"down": {"uv": [3, 9, 1, 10], "texture": "#texture"}
			}
		},
		{
			"from": [3, 7, 15],
			"to": [13, 9, 16],
			"faces": {
				"north": {"uv": [3, 7, 13, 9], "texture": "#texture"},
				"east": {"uv": [3, 7, 4, 9], "texture": "#texture"},
				"south": {"uv": [13, 7, 3, 9], "texture": "#texture"},
				"west": {"uv": [12, 7, 13, 9], "texture": "#texture"},
				"up": {"uv": [13, 7, 3, 8], "texture": "#texture"},
				"down": {"uv": [13, 8, 3, 9], "texture": "#texture"}
			}
		},
		{
			"from": [1, 6, 15],
			"to": [3, 9, 16],
			"faces": {
				"north": {"uv": [13, 7, 15, 10], "texture": "#texture"},
				"east": {"uv": [13, 7, 14, 10], "texture": "#texture"},
				"south": {"uv": [15, 7, 13, 10], "texture": "#texture"},
				"west": {"uv": [14, 7, 15, 10], "texture": "#texture"},
				"up": {"uv": [15, 7, 13, 8], "texture": "#texture"},
				"down": {"uv": [15, 9, 13, 10], "texture": "#texture"}
			}
		},
		{
			"from": [13, 1, 15],
			"to": [15, 4, 16],
			"faces": {
				"north": {"uv": [1, 12, 3, 15], "texture": "#texture"},
				"east": {"uv": [1, 12, 2, 15], "texture": "#texture"},
				"south": {"uv": [3, 12, 1, 15], "texture": "#texture"},
				"west": {"uv": [2, 12, 3, 15], "texture": "#texture"},
				"up": {"uv": [3, 12, 1, 13], "texture": "#texture"},
				"down": {"uv": [3, 14, 1, 15], "texture": "#texture"}
			}
		},
		{
			"from": [3, 2, 15],
			"to": [13, 4, 16],
			"faces": {
				"north": {"uv": [3, 12, 13, 14], "texture": "#texture"},
				"east": {"uv": [3, 12, 4, 14], "texture": "#texture"},
				"south": {"uv": [13, 12, 3, 14], "texture": "#texture"},
				"west": {"uv": [12, 12, 13, 14], "texture": "#texture"},
				"up": {"uv": [13, 12, 3, 13], "texture": "#texture"},
				"down": {"uv": [13, 13, 3, 14], "texture": "#texture"}
			}
		},
		{
			"from": [1, 1, 15],
			"to": [3, 4, 16],
			"faces": {
				"north": {"uv": [13, 12, 15, 15], "texture": "#texture"},
				"east": {"uv": [13, 12, 14, 15], "texture": "#texture"},
				"south": {"uv": [15, 12, 13, 15], "texture": "#texture"},
				"west": {"uv": [14, 12, 15, 15], "texture": "#texture"},
				"up": {"uv": [15, 12, 13, 13], "texture": "#texture"},
				"down": {"uv": [15, 14, 13, 15], "texture": "#texture"}
			}
		}
	],
	"groups": [
		{
			"name": "pole",
			"origin": [8, 8, 8],
			"color": 0,
			"children": [0, 1, 2, 3]
		},
		{
			"name": "rung-t",
			"origin": [8, 8, 8],
			"color": 0,
			"children": [4, 5, 6]
		},
		{
			"name": "rung-m",
			"origin": [8, 8, 8],
			"color": 0,
			"children": [7, 8, 9]
		},
		{
			"name": "rung-b",
			"origin": [8, 8, 8],
			"color": 0,
			"children": [10, 11, 12]
		}
	]
}