{
	"credit": "Made with Blockbench",
	"parent": "block/ladder",
	"ambientocclusion": false,
	"textures": {
		"particle": "abundance:block/redbud_ladder",
		"texture": "abundance:block/redbud_ladder"
	},
	"elements": [
		{
			"from": [0, 12, 15],
			"to": [16, 15, 16],
			"faces": {
				"north": {"uv": [0, 1, 16, 4], "texture": "#texture"},
				"east": {"uv": [0, 1, 1, 4], "texture": "#texture"},
				"south": {"uv": [16, 1, 0, 4], "texture": "#texture"},
				"west": {"uv": [15, 1, 16, 4], "texture": "#texture"},
				"up": {"uv": [16, 1, 0, 2], "texture": "#texture"},
				"down": {"uv": [16, 3, 0, 4], "texture": "#texture"}
			}
		},
		{
			"from": [0, 6, 15],
			"to": [16, 10, 16],
			"faces": {
				"north": {"uv": [0, 6, 16, 10], "texture": "#texture"},
				"east": {"uv": [0, 6, 1, 10], "texture": "#texture"},
				"south": {"uv": [16, 6, 0, 10], "texture": "#texture"},
				"west": {"uv": [15, 6, 16, 10], "texture": "#texture"},
				"up": {"uv": [16, 6, 0, 7], "texture": "#texture"},
				"down": {"uv": [16, 9, 0, 10], "texture": "#texture"}
			}
		},
		{
			"from": [0, 1, 15],
			"to": [16, 4, 16],
			"faces": {
				"north": {"uv": [0, 12, 16, 15], "texture": "#texture"},
				"east": {"uv": [0, 12, 1, 15], "texture": "#texture"},
				"south": {"uv": [16, 12, 0, 15], "texture": "#texture"},
				"west": {"uv": [15, 12, 16, 15], "texture": "#texture"},
				"up": {"uv": [16, 12, 0, 13], "texture": "#texture"},
				"down": {"uv": [16, 14, 0, 15], "texture": "#texture"}
			}
		},
		{
			"from": [2, 15, 15],
			"to": [5, 16, 16],
			"faces": {
				"north": {"uv": [11, 0, 14, 1], "texture": "#texture"},
				"east": {"uv": [11, 0, 12, 1], "texture": "#texture"},
				"south": {"uv": [14, 0, 11, 1], "texture": "#texture"},
				"west": {"uv": [13, 0, 14, 1], "texture": "#texture"},
				"up": {"uv": [14, 0, 11, 1], "texture": "#texture"},
				"down": {"uv": [14, 0, 11, 1], "texture": "#texture"}
			}
		},
		{
			"from": [2, 10, 15],
			"to": [5, 12, 16],
			"faces": {
				"north": {"uv": [11, 4, 14, 6], "texture": "#texture"},
				"east": {"uv": [11, 4, 12, 6], "texture": "#texture"},
				"south": {"uv": [14, 4, 11, 6], "texture": "#texture"},
				"west": {"uv": [13, 4, 14, 6], "texture": "#texture"},
				"up": {"uv": [14, 4, 11, 5], "texture": "#texture"},
				"down": {"uv": [14, 5, 11, 6], "texture": "#texture"}
			}
		},
		{
			"from": [2, 4, 15],
			"to": [5, 6, 16],
			"faces": {
				"north": {"uv": [11, 10, 14, 12], "texture": "#texture"},
				"east": {"uv": [11, 10, 12, 12], "texture": "#texture"},
				"south": {"uv": [14, 10, 11, 12], "texture": "#texture"},
				"west": {"uv": [13, 10, 14, 12], "texture": "#texture"},
				"up": {"uv": [14, 10, 11, 11], "texture": "#texture"},
				"down": {"uv": [14, 11, 11, 12], "texture": "#texture"}
			}
		},
		{
			"from": [2, 0, 15],
			"to": [5, 1, 16],
			"faces": {
				"north": {"uv": [11, 15, 14, 16], "texture": "#texture"},
				"east": {"uv": [11, 15, 12, 16], "texture": "#texture"},
				"south": {"uv": [14, 15, 11, 16], "texture": "#texture"},
				"west": {"uv": [13, 15, 14, 16], "texture": "#texture"},
				"up": {"uv": [14, 15, 11, 16], "texture": "#texture"},
				"down": {"uv": [14, 15, 11, 16], "texture": "#texture"}
			}
		},
		{
			"from": [11, 15, 15],
			"to": [14, 16, 16],
			"faces": {
				"north": {"uv": [2, 0, 5, 1], "texture": "#texture"},
				"east": {"uv": [2, 0, 3, 1], "texture": "#texture"},
				"south": {"uv": [5, 0, 2, 1], "texture": "#texture"},
				"west": {"uv": [4, 0, 5, 1], "texture": "#texture"},
				"up": {"uv": [5, 0, 2, 1], "texture": "#texture"},
				"down": {"uv": [5, 0, 2, 1], "texture": "#texture"}
			}
		},
		{
			"from": [11, 10, 15],
			"to": [14, 12, 16],
			"faces": {
				"north": {"uv": [2, 4, 5, 6], "texture": "#texture"},
				"east": {"uv": [2, 4, 3, 6], "texture": "#texture"},
				"south": {"uv": [5, 4, 2, 6], "texture": "#texture"},
				"west": {"uv": [4, 4, 5, 6], "texture": "#texture"},
				"up": {"uv": [5, 4, 2, 5], "texture": "#texture"},
				"down": {"uv": [5, 5, 2, 6], "texture": "#texture"}
			}
		},
		{
			"from": [11, 4, 15],
			"to": [14, 6, 16],
			"faces": {
				"north": {"uv": [2, 10, 5, 12], "texture": "#texture"},
				"east": {"uv": [2, 10, 3, 12], "texture": "#texture"},
				"south": {"uv": [5, 10, 2, 12], "texture": "#texture"},
				"west": {"uv": [4, 10, 5, 12], "texture": "#texture"},
				"up": {"uv": [5, 10, 2, 11], "texture": "#texture"},
				"down": {"uv": [5, 11, 2, 12], "texture": "#texture"}
			}
		},
		{
			"from": [11, 0, 15],
			"to": [14, 1, 16],
			"faces": {
				"north": {"uv": [2, 15, 5, 16], "texture": "#texture"},
				"east": {"uv": [2, 15, 3, 16], "texture": "#texture"},
				"south": {"uv": [5, 15, 2, 16], "texture": "#texture"},
				"west": {"uv": [4, 15, 5, 16], "texture": "#texture"},
				"up": {"uv": [5, 15, 2, 16], "texture": "#texture"},
				"down": {"uv": [5, 15, 2, 16], "texture": "#texture"}
			}
		}
	],
	"groups": [
		{
			"name": "rungs",
			"origin": [8, 8, 8],
			"color": 0,
			"children": [0, 1, 2]
		},
		{
			"name": "pole-r",
			"origin": [8, 8, 8],
			"color": 0,
			"children": [3, 4, 5, 6]
		},
		{
			"name": "pole-l",
			"origin": [8, 8, 8],
			"color": 0,
			"children": [7, 8, 9, 10]
		}
	]
}