{
	"credit": "Made with Blockbench",
	"parent": "block/ladder",
	"ambientocclusion": false,
	"textures": {
		"particle": "enhanced_mushrooms:block/brown_mushroom_ladder",
		"texture": "enhanced_mushrooms:block/brown_mushroom_ladder"
	},
	"elements": [
		{
			"from": [1, 13, 15],
			"to": [7, 15, 16],
			"faces": {
				"north": {"uv": [9, 1, 15, 3], "texture": "#texture"},
				"east": {"uv": [9, 1, 10, 3], "texture": "#texture"},
				"south": {"uv": [15, 1, 9, 3], "texture": "#texture"},
				"west": {"uv": [14, 1, 15, 3], "texture": "#texture"},
				"up": {"uv": [15, 1, 9, 2], "texture": "#texture"},
				"down": {"uv": [15, 2, 9, 3], "texture": "#texture"}
			}
		},
		{
			"from": [9, 9, 15],
			"to": [15, 11, 16],
			"faces": {
				"north": {"uv": [1, 5, 7, 7], "texture": "#texture"},
				"east": {"uv": [1, 5, 2, 7], "texture": "#texture"},
				"south": {"uv": [7, 5, 1, 7], "texture": "#texture"},
				"west": {"uv": [6, 5, 7, 7], "texture": "#texture"},
				"up": {"uv": [7, 5, 1, 6], "texture": "#texture"},
				"down": {"uv": [7, 6, 1, 7], "texture": "#texture"}
			}
		},
		{
			"from": [1, 5, 15],
			"to": [7, 7, 16],
			"faces": {
				"north": {"uv": [9, 9, 15, 11], "texture": "#texture"},
				"east": {"uv": [9, 9, 10, 11], "texture": "#texture"},
				"south": {"uv": [15, 9, 9, 11], "texture": "#texture"},
				"west": {"uv": [14, 9, 15, 11], "texture": "#texture"},
				"up": {"uv": [15, 9, 9, 10], "texture": "#texture"},
				"down": {"uv": [15, 10, 9, 11], "texture": "#texture"}
			}
		},
		{
			"from": [9, 1, 15],
			"to": [15, 3, 16],
			"faces": {
				"north": {"uv": [1, 13, 7, 15], "texture": "#texture"},
				"east": {"uv": [1, 13, 2, 15], "texture": "#texture"},
				"south": {"uv": [7, 13, 1, 15], "texture": "#texture"},
				"west": {"uv": [6, 13, 7, 15], "texture": "#texture"},
				"up": {"uv": [7, 13, 1, 14], "texture": "#texture"},
				"down": {"uv": [7, 14, 1, 15], "texture": "#texture"}
			}
		},
		{
			"from": [11, 12, 15],
			"to": [13, 14, 16],
			"faces": {
				"north": {"uv": [3, 2, 5, 4], "texture": "#texture"},
				"east": {"uv": [3, 2, 4, 4], "texture": "#texture"},
				"south": {"uv": [5, 2, 3, 4], "texture": "#texture"},
				"west": {"uv": [4, 2, 5, 4], "texture": "#texture"},
				"up": {"uv": [5, 2, 3, 3], "texture": "#texture"},
				"down": {"uv": [5, 3, 3, 4], "texture": "#texture"}
			}
		},
		{
			"from": [3, 8, 15],
			"to": [5, 10, 16],
			"faces": {
				"north": {"uv": [11, 6, 13, 8], "texture": "#texture"},
				"east": {"uv": [11, 6, 12, 8], "texture": "#texture"},
				"south": {"uv": [13, 6, 11, 8], "texture": "#texture"},
				"west": {"uv": [12, 6, 13, 8], "texture": "#texture"},
				"up": {"uv": [13, 6, 11, 7], "texture": "#texture"},
				"down": {"uv": [13, 7, 11, 8], "texture": "#texture"}
			}
		},
		{
			"from": [11, 4, 15],
			"to": [13, 6, 16],
			"faces": {
				"north": {"uv": [3, 10, 5, 12], "texture": "#texture"},
				"east": {"uv": [3, 10, 4, 12], "texture": "#texture"},
				"south": {"uv": [5, 10, 3, 12], "texture": "#texture"},
				"west": {"uv": [4, 10, 5, 12], "texture": "#texture"},
				"up": {"uv": [5, 10, 3, 11], "texture": "#texture"},
				"down": {"uv": [5, 11, 3, 12], "texture": "#texture"}
			}
		},
		{
			"from": [3, 0, 15],
			"to": [5, 2, 16],
			"faces": {
				"north": {"uv": [11, 14, 13, 16], "texture": "#texture"},
				"east": {"uv": [11, 14, 12, 16], "texture": "#texture"},
				"south": {"uv": [13, 14, 11, 16], "texture": "#texture"},
				"west": {"uv": [12, 14, 13, 16], "texture": "#texture"},
				"up": {"uv": [13, 14, 11, 15], "texture": "#texture"},
				"down": {"uv": [13, 15, 11, 16], "texture": "#texture"}
			}
		},
		{
			"from": [9, 14, 15],
			"to": [15, 16, 16],
			"faces": {
				"north": {"uv": [1, 0, 7, 2], "texture": "#texture"},
				"east": {"uv": [1, 0, 2, 2], "texture": "#texture"},
				"south": {"uv": [7, 0, 1, 2], "texture": "#texture"},
				"west": {"uv": [6, 0, 7, 2], "texture": "#texture"},
				"up": {"uv": [7, 0, 1, 1], "texture": "#texture"},
				"down": {"uv": [7, 1, 1, 2], "texture": "#texture"}
			}
		},
		{
			"from": [1, 10, 15],
			"to": [7, 12, 16],
			"faces": {
				"north": {"uv": [9, 4, 15, 6], "texture": "#texture"},
				"east": {"uv": [9, 4, 10, 6], "texture": "#texture"},
				"south": {"uv": [15, 4, 9, 6], "texture": "#texture"},
				"west": {"uv": [14, 4, 15, 6], "texture": "#texture"},
				"up": {"uv": [15, 4, 9, 5], "texture": "#texture"},
				"down": {"uv": [15, 5, 9, 6], "texture": "#texture"}
			}
		},
		{
			"from": [9, 6, 15],
			"to": [15, 8, 16],
			"faces": {
				"north": {"uv": [1, 8, 7, 10], "texture": "#texture"},
				"east": {"uv": [1, 8, 2, 10], "texture": "#texture"},
				"south": {"uv": [7, 8, 1, 10], "texture": "#texture"},
				"west": {"uv": [6, 8, 7, 10], "texture": "#texture"},
				"up": {"uv": [7, 8, 1, 9], "texture": "#texture"},
				"down": {"uv": [7, 9, 1, 10], "texture": "#texture"}
			}
		},
		{
			"from": [1, 2, 15],
			"to": [7, 4, 16],
			"faces": {
				"north": {"uv": [9, 12, 15, 14], "texture": "#texture"},
				"east": {"uv": [9, 12, 10, 14], "texture": "#texture"},
				"south": {"uv": [15, 12, 9, 14], "texture": "#texture"},
				"west": {"uv": [14, 12, 15, 14], "texture": "#texture"},
				"up": {"uv": [15, 12, 9, 13], "texture": "#texture"},
				"down": {"uv": [15, 13, 9, 14], "texture": "#texture"}
			}
		}
	],
	"groups": [
		{
			"name": "rungs",
			"origin": [8, 8, 8],
			"color": 0,
			"children": [0, 1, 2, 3]
		},
		{
			"name": "mushroom-stems",
			"origin": [8, 8, 8],
			"color": 0,
			"children": [4, 5, 6, 7]
		},
		{
			"name": "mushroom-caps",
			"origin": [8, 8, 8],
			"color": 0,
			"children": [8, 9, 10, 11]
		}
	]
}