{
	"credit": "Made with Blockbench",
	"parent": "block/ladder",
	"ambientocclusion": false,
	"textures": {
		"particle": "enhanced_mushrooms:block/red_mushroom_ladder",
		"texture": "enhanced_mushrooms:block/red_mushroom_ladder"
	},
	"elements": [
		{
			"from": [1, 13, 15],
			"to": [7, 15, 16],
			"faces": {
				"north": {"uv": [9, 1, 15, 3], "texture": "#texture"},
				"east": {"uv": [9, 1, 10, 3], "texture": "#texture"},
				"south": {"uv": [15, 1, 9, 3], "texture": "#texture"},
				"west": {"uv": [14, 1, 15, 3], "texture": "#texture"},
				"up": {"uv": [15, 1, 9, 2], "texture": "#texture"},
				"down": {"uv": [15, 2, 9, 3], "texture": "#texture"}
			}
		},
		{
			"from": [9, 9, 15],
			"to": [15, 11, 16],
			"faces": {
				"north": {"uv": [1, 5, 7, 7], "texture": "#texture"},
				"east": {"uv": [1, 5, 2, 7], "texture": "#texture"},
				"south": {"uv": [7, 5, 1, 7], "texture": "#texture"},
				"west": {"uv": [6, 5, 7, 7], "texture": "#texture"},
				"up": {"uv": [7, 5, 1, 6], "texture": "#texture"},
				"down": {"uv": [7, 6, 1, 7], "texture": "#texture"}
			}
		},
		{
			"from": [1, 5, 15],
			"to": [7, 7, 16],
			"faces": {
				"north": {"uv": [9, 9, 15, 11], "texture": "#texture"},
				"east": {"uv": [9, 9, 10, 11], "texture": "#texture"},
				"south": {"uv": [15, 9, 9, 11], "texture": "#texture"},
				"west": {"uv": [14, 9, 15, 11], "texture": "#texture"},
				"up": {"uv": [15, 9, 9, 10], "texture": "#texture"},
				"down": {"uv": [15, 10, 9, 11], "texture": "#texture"}
			}
		},
		{
			"from": [9, 1, 15],
			"to": [15, 3, 16],
			"faces": {
				"north": {"uv": [1, 13, 7, 15], "texture": "#texture"},
				"east": {"uv": [1, 13, 2, 15], "texture": "#texture"},
				"south": {"uv": [7, 13, 1, 15], "texture": "#texture"},
				"west": {"uv": [6, 13, 7, 15], "texture": "#texture"},
				"up": {"uv": [7, 13, 1, 14], "texture": "#texture"},
				"down": {"uv": [7, 14, 1, 15], "texture": "#texture"}
			}
		},
		{
			"from": [11, 12, 15],
			"to": [13, 13, 16],
			"faces": {
				"north": {"uv": [3, 3, 5, 4], "texture": "#texture"},
				"east": {"uv": [3, 3, 4, 4], "texture": "#texture"},
				"south": {"uv": [5, 3, 3, 4], "texture": "#texture"},
				"west": {"uv": [4, 3, 5, 4], "texture": "#texture"},
				"up": {"uv": [5, 3, 3, 4], "texture": "#texture"},
				"down": {"uv": [5, 3, 3, 4], "texture": "#texture"}
			}
		},
		{
			"from": [3, 8, 15],
			"to": [5, 9, 16],
			"faces": {
				"north": {"uv": [11, 7, 13, 8], "texture": "#texture"},
				"east": {"uv": [11, 7, 12, 8], "texture": "#texture"},
				"south": {"uv": [13, 7, 11, 8], "texture": "#texture"},
				"west": {"uv": [12, 7, 13, 8], "texture": "#texture"},
				"up": {"uv": [13, 7, 11, 8], "texture": "#texture"},
				"down": {"uv": [13, 7, 11, 8], "texture": "#texture"}
			}
		},
		{
			"from": [11, 4, 15],
			"to": [13, 5, 16],
			"faces": {
				"north": {"uv": [3, 11, 5, 12], "texture": "#texture"},
				"east": {"uv": [3, 11, 4, 12], "texture": "#texture"},
				"south": {"uv": [5, 11, 3, 12], "texture": "#texture"},
				"west": {"uv": [4, 11, 5, 12], "texture": "#texture"},
				"up": {"uv": [5, 11, 3, 12], "texture": "#texture"},
				"down": {"uv": [5, 11, 3, 12], "texture": "#texture"}
			}
		},
		{
			"from": [3, 0, 15],
			"to": [5, 1, 16],
			"faces": {
				"north": {"uv": [11, 15, 13, 16], "texture": "#texture"},
				"east": {"uv": [11, 15, 12, 16], "texture": "#texture"},
				"south": {"uv": [13, 15, 11, 16], "texture": "#texture"},
				"west": {"uv": [12, 15, 13, 16], "texture": "#texture"},
				"up": {"uv": [13, 15, 11, 16], "texture": "#texture"},
				"down": {"uv": [13, 15, 11, 16], "texture": "#texture"}
			}
		},
		{
			"from": [10, 15, 15],
			"to": [14, 16, 16],
			"faces": {
				"north": {"uv": [2, 0, 6, 1], "texture": "#texture"},
				"east": {"uv": [2, 0, 3, 1], "texture": "#texture"},
				"south": {"uv": [6, 0, 2, 1], "texture": "#texture"},
				"west": {"uv": [5, 0, 6, 1], "texture": "#texture"},
				"up": {"uv": [6, 0, 2, 1], "texture": "#texture"},
				"down": {"uv": [6, 0, 2, 1], "texture": "#texture"}
			}
		},
		{
			"from": [2, 11, 15],
			"to": [6, 12, 16],
			"faces": {
				"north": {"uv": [10, 4, 14, 5], "texture": "#texture"},
				"east": {"uv": [10, 4, 11, 5], "texture": "#texture"},
				"south": {"uv": [14, 4, 10, 5], "texture": "#texture"},
				"west": {"uv": [13, 4, 14, 5], "texture": "#texture"},
				"up": {"uv": [14, 4, 10, 5], "texture": "#texture"},
				"down": {"uv": [14, 4, 10, 5], "texture": "#texture"}
			}
		},
		{
			"from": [10, 7, 15],
			"to": [14, 8, 16],
			"faces": {
				"north": {"uv": [2, 8, 6, 9], "texture": "#texture"},
				"east": {"uv": [2, 8, 3, 9], "texture": "#texture"},
				"south": {"uv": [6, 8, 2, 9], "texture": "#texture"},
				"west": {"uv": [5, 8, 6, 9], "texture": "#texture"},
				"up": {"uv": [6, 8, 2, 9], "texture": "#texture"},
				"down": {"uv": [6, 8, 2, 9], "texture": "#texture"}
			}
		},
		{
			"from": [2, 3, 15],
			"to": [6, 4, 16],
			"faces": {
				"north": {"uv": [10, 12, 14, 13], "texture": "#texture"},
				"east": {"uv": [10, 12, 11, 13], "texture": "#texture"},
				"south": {"uv": [14, 12, 10, 13], "texture": "#texture"},
				"west": {"uv": [13, 12, 14, 13], "texture": "#texture"},
				"up": {"uv": [14, 12, 10, 13], "texture": "#texture"},
				"down": {"uv": [14, 12, 10, 13], "texture": "#texture"}
			}
		},
		{
			"from": [9, 13, 15],
			"to": [15, 15, 16],
			"faces": {
				"north": {"uv": [1, 1, 7, 3], "texture": "#texture"},
				"east": {"uv": [1, 1, 2, 3], "texture": "#texture"},
				"south": {"uv": [7, 1, 1, 3], "texture": "#texture"},
				"west": {"uv": [6, 1, 7, 3], "texture": "#texture"},
				"up": {"uv": [7, 1, 1, 2], "texture": "#texture"},
				"down": {"uv": [7, 2, 1, 3], "texture": "#texture"}
			}
		},
		{
			"from": [1, 9, 15],
			"to": [7, 11, 16],
			"faces": {
				"north": {"uv": [9, 5, 15, 7], "texture": "#texture"},
				"east": {"uv": [9, 5, 10, 7], "texture": "#texture"},
				"south": {"uv": [15, 5, 9, 7], "texture": "#texture"},
				"west": {"uv": [14, 5, 15, 7], "texture": "#texture"},
				"up": {"uv": [15, 5, 9, 6], "texture": "#texture"},
				"down": {"uv": [15, 6, 9, 7], "texture": "#texture"}
			}
		},
		{
			"from": [9, 5, 15],
			"to": [15, 7, 16],
			"faces": {
				"north": {"uv": [1, 9, 7, 11], "texture": "#texture"},
				"east": {"uv": [1, 9, 2, 11], "texture": "#texture"},
				"south": {"uv": [7, 9, 1, 11], "texture": "#texture"},
				"west": {"uv": [6, 9, 7, 11], "texture": "#texture"},
				"up": {"uv": [7, 9, 1, 10], "texture": "#texture"},
				"down": {"uv": [7, 10, 1, 11], "texture": "#texture"}
			}
		},
		{
			"from": [1, 1, 15],
			"to": [7, 3, 16],
			"faces": {
				"north": {"uv": [9, 13, 15, 15], "texture": "#texture"},
				"east": {"uv": [9, 13, 10, 15], "texture": "#texture"},
				"south": {"uv": [15, 13, 9, 15], "texture": "#texture"},
				"west": {"uv": [14, 13, 15, 15], "texture": "#texture"},
				"up": {"uv": [15, 13, 9, 14], "texture": "#texture"},
				"down": {"uv": [15, 14, 9, 15], "texture": "#texture"}
			}
		}
	],
	"groups": [
		{
			"name": "rungs",
			"origin": [8, 8, 8],
			"color": 0,
			"children": [0, 1, 2, 3]
		},
		{
			"name": "mushroom-stems",
			"origin": [8, 8, 8],
			"color": 0,
			"children": [4, 5, 6, 7]
		},
		{
			"name": "mushroom-caps-t",
			"origin": [8, 8, 8],
			"color": 0,
			"children": [8, 9, 10, 11]
		},
		{
			"name": "mushroom-caps-b",
			"origin": [8, 8, 8],
			"color": 0,
			"children": [12, 13, 14, 15]
		}
	]
}