{
	"credit": "Made with Blockbench",
	"parent": "block/ladder",
	"ambientocclusion": false,
	"textures": {
		"particle": "atmospheric:block/aspen_ladder",
		"texture": "atmospheric:block/aspen_ladder"
	},
	"elements": [
		{
			"from": [1, 0, 15],
			"to": [3, 16, 16],
			"faces": {
				"north": {"uv": [13, 0, 15, 16], "texture": "#texture"},
				"east": {"uv": [13, 0, 14, 16], "texture": "#texture"},
				"south": {"uv": [15, 0, 13, 16], "texture": "#texture"},
				"west": {"uv": [14, 0, 15, 16], "texture": "#texture"},
				"up": {"uv": [15, 0, 13, 1], "texture": "#texture"},
				"down": {"uv": [15, 15, 13, 16], "texture": "#texture"}
			}
		},
		{
			"from": [13, 0, 15],
			"to": [15, 16, 16],
			"faces": {
				"north": {"uv": [1, 0, 3, 16], "texture": "#texture"},
				"east": {"uv": [1, 0, 2, 16], "texture": "#texture"},
				"south": {"uv": [3, 0, 1, 16], "texture": "#texture"},
				"west": {"uv": [2, 0, 3, 16], "texture": "#texture"},
				"up": {"uv": [3, 0, 1, 1], "texture": "#texture"},
				"down": {"uv": [3, 15, 1, 16], "texture": "#texture"}
			}
		},
		{
			"from": [7, 15, 15],
			"to": [9, 16, 16],
			"faces": {
				"north": {"uv": [7, 0, 9, 1], "texture": "#texture"},
				"east": {"uv": [7, 0, 8, 1], "texture": "#texture"},
				"south": {"uv": [9, 0, 7, 1], "texture": "#texture"},
				"west": {"uv": [8, 0, 9, 1], "texture": "#texture"},
				"up": {"uv": [9, 0, 7, 1], "texture": "#texture"},
				"down": {"uv": [9, 0, 7, 1], "texture": "#texture"}
			}
		},
		{
			"from": [7, 11, 15],
			"to": [9, 12, 16],
			"faces": {
				"north": {"uv": [7, 4, 9, 5], "texture": "#texture"},
				"east": {"uv": [7, 4, 8, 5], "texture": "#texture"},
				"south": {"uv": [9, 4, 7, 5], "texture": "#texture"},
				"west": {"uv": [8, 4, 9, 5], "texture": "#texture"},
				"up": {"uv": [9, 4, 7, 5], "texture": "#texture"},
				"down": {"uv": [9, 4, 7, 5], "texture": "#texture"}
			}
		},
		{
			"from": [7, 7, 15],
			"to": [9, 8, 16],
			"faces": {
				"north": {"uv": [7, 8, 9, 9], "texture": "#texture"},
				"east": {"uv": [7, 8, 8, 9], "texture": "#texture"},
				"south": {"uv": [9, 8, 7, 9], "texture": "#texture"},
				"west": {"uv": [8, 8, 9, 9], "texture": "#texture"},
				"up": {"uv": [9, 8, 7, 9], "texture": "#texture"},
				"down": {"uv": [9, 8, 7, 9], "texture": "#texture"}
			}
		},
		{
			"from": [7, 3, 15],
			"to": [9, 4, 16],
			"faces": {
				"north": {"uv": [7, 12, 9, 13], "texture": "#texture"},
				"east": {"uv": [7, 12, 8, 13], "texture": "#texture"},
				"south": {"uv": [9, 12, 7, 13], "texture": "#texture"},
				"west": {"uv": [8, 12, 9, 13], "texture": "#texture"},
				"up": {"uv": [9, 12, 7, 13], "texture": "#texture"},
				"down": {"uv": [9, 12, 7, 13], "texture": "#texture"}
			}
		},
		{
			"from": [15, 13, 15],
			"to": [16, 15, 16],
			"faces": {
				"north": {"uv": [15, 1, 16, 3], "texture": "#texture"},
				"east": {"uv": [15, 1, 16, 3], "texture": "#texture"},
				"south": {"uv": [15, 1, 16, 3], "texture": "#texture"},
				"west": {"uv": [15, 1, 16, 3], "texture": "#texture"},
				"up": {"uv": [15, 1, 16, 2], "texture": "#texture"},
				"down": {"uv": [15, 2, 16, 3], "texture": "#texture"}
			}
		},
		{
			"from": [10, 13, 15],
			"to": [13, 15, 16],
			"faces": {
				"north": {"uv": [3, 1, 6, 3], "texture": "#texture"},
				"east": {"uv": [3, 1, 4, 3], "texture": "#texture"},
				"south": {"uv": [6, 1, 3, 3], "texture": "#texture"},
				"west": {"uv": [5, 1, 6, 3], "texture": "#texture"},
				"up": {"uv": [6, 1, 3, 2], "texture": "#texture"},
				"down": {"uv": [6, 2, 3, 3], "texture": "#texture"}
			}
		},
		{
			"from": [6, 14, 15],
			"to": [10, 15, 16],
			"faces": {
				"north": {"uv": [6, 1, 10, 2], "texture": "#texture"},
				"east": {"uv": [6, 1, 7, 2], "texture": "#texture"},
				"south": {"uv": [10, 1, 6, 2], "texture": "#texture"},
				"west": {"uv": [9, 1, 10, 2], "texture": "#texture"},
				"up": {"uv": [10, 1, 6, 2], "texture": "#texture"},
				"down": {"uv": [10, 1, 6, 2], "texture": "#texture"}
			}
		},
		{
			"from": [7, 15, 15],
			"to": [9, 16, 16],
			"faces": {
				"north": {"uv": [7, 0, 9, 1], "texture": "#texture"},
				"east": {"uv": [7, 0, 8, 1], "texture": "#texture"},
				"south": {"uv": [9, 0, 7, 1], "texture": "#texture"},
				"west": {"uv": [8, 0, 9, 1], "texture": "#texture"},
				"up": {"uv": [9, 0, 7, 1], "texture": "#texture"},
				"down": {"uv": [9, 0, 7, 1], "texture": "#texture"}
			}
		},
		{
			"from": [4, 12, 15],
			"to": [12, 13, 16],
			"faces": {
				"north": {"uv": [4, 3, 12, 4], "texture": "#texture"},
				"east": {"uv": [4, 3, 5, 4], "texture": "#texture"},
				"south": {"uv": [12, 3, 4, 4], "texture": "#texture"},
				"west": {"uv": [11, 3, 12, 4], "texture": "#texture"},
				"up": {"uv": [12, 3, 4, 4], "texture": "#texture"},
				"down": {"uv": [12, 3, 4, 4], "texture": "#texture"}
			}
		},
		{
			"from": [3, 13, 15],
			"to": [6, 15, 16],
			"faces": {
				"north": {"uv": [10, 1, 13, 3], "texture": "#texture"},
				"east": {"uv": [10, 1, 11, 3], "texture": "#texture"},
				"south": {"uv": [13, 1, 10, 3], "texture": "#texture"},
				"west": {"uv": [12, 1, 13, 3], "texture": "#texture"},
				"up": {"uv": [13, 1, 10, 2], "texture": "#texture"},
				"down": {"uv": [13, 2, 10, 3], "texture": "#texture"}
			}
		},
		{
			"from": [0, 13, 15],
			"to": [1, 15, 16],
			"faces": {
				"north": {"uv": [0, 1, 1, 3], "texture": "#texture"},
				"east": {"uv": [0, 1, 1, 3], "texture": "#texture"},
				"south": {"uv": [0, 1, 1, 3], "texture": "#texture"},
				"west": {"uv": [0, 1, 1, 3], "texture": "#texture"},
				"up": {"uv": [0, 1, 1, 2], "texture": "#texture"},
				"down": {"uv": [0, 2, 1, 3], "texture": "#texture"}
			}
		},
		{
			"from": [15, 9, 15],
			"to": [16, 11, 16],
			"faces": {
				"north": {"uv": [15, 5, 16, 7], "texture": "#texture"},
				"east": {"uv": [15, 5, 16, 7], "texture": "#texture"},
				"south": {"uv": [15, 5, 16, 7], "texture": "#texture"},
				"west": {"uv": [15, 5, 16, 7], "texture": "#texture"},
				"up": {"uv": [15, 5, 16, 6], "texture": "#texture"},
				"down": {"uv": [15, 6, 16, 7], "texture": "#texture"}
			}
		},
		{
			"from": [10, 9, 15],
			"to": [13, 11, 16],
			"faces": {
				"north": {"uv": [3, 5, 6, 7], "texture": "#texture"},
				"east": {"uv": [3, 5, 4, 7], "texture": "#texture"},
				"south": {"uv": [6, 5, 3, 7], "texture": "#texture"},
				"west": {"uv": [5, 5, 6, 7], "texture": "#texture"},
				"up": {"uv": [6, 5, 3, 6], "texture": "#texture"},
				"down": {"uv": [6, 6, 3, 7], "texture": "#texture"}
			}
		},
		{
			"from": [6, 10, 15],
			"to": [10, 11, 16],
			"faces": {
				"north": {"uv": [6, 5, 10, 6], "texture": "#texture"},
				"east": {"uv": [6, 5, 7, 6], "texture": "#texture"},
				"south": {"uv": [10, 5, 6, 6], "texture": "#texture"},
				"west": {"uv": [9, 5, 10, 6], "texture": "#texture"},
				"up": {"uv": [10, 5, 6, 6], "texture": "#texture"},
				"down": {"uv": [10, 5, 6, 6], "texture": "#texture"}
			}
		},
		{
			"from": [7, 11, 15],
			"to": [9, 12, 16],
			"faces": {
				"north": {"uv": [7, 4, 9, 5], "texture": "#texture"},
				"east": {"uv": [7, 4, 8, 5], "texture": "#texture"},
				"south": {"uv": [9, 4, 7, 5], "texture": "#texture"},
				"west": {"uv": [8, 4, 9, 5], "texture": "#texture"},
				"up": {"uv": [9, 4, 7, 5], "texture": "#texture"},
				"down": {"uv": [9, 4, 7, 5], "texture": "#texture"}
			}
		},
		{
			"from": [4, 8, 15],
			"to": [12, 9, 16],
			"faces": {
				"north": {"uv": [4, 7, 12, 8], "texture": "#texture"},
				"east": {"uv": [4, 7, 5, 8], "texture": "#texture"},
				"south": {"uv": [12, 7, 4, 8], "texture": "#texture"},
				"west": {"uv": [11, 7, 12, 8], "texture": "#texture"},
				"up": {"uv": [12, 7, 4, 8], "texture": "#texture"},
				"down": {"uv": [12, 7, 4, 8], "texture": "#texture"}
			}
		},
		{
			"from": [3, 9, 15],
			"to": [6, 11, 16],
			"faces": {
				"north": {"uv": [10, 5, 13, 7], "texture": "#texture"},
				"east": {"uv": [10, 5, 11, 7], "texture": "#texture"},
				"south": {"uv": [13, 5, 10, 7], "texture": "#texture"},
				"west": {"uv": [12, 5, 13, 7], "texture": "#texture"},
				"up": {"uv": [13, 5, 10, 6], "texture": "#texture"},
				"down": {"uv": [13, 6, 10, 7], "texture": "#texture"}
			}
		},
		{
			"from": [0, 9, 15],
			"to": [1, 11, 16],
			"faces": {
				"north": {"uv": [0, 5, 1, 7], "texture": "#texture"},
				"east": {"uv": [0, 5, 1, 7], "texture": "#texture"},
				"south": {"uv": [0, 5, 1, 7], "texture": "#texture"},
				"west": {"uv": [0, 5, 1, 7], "texture": "#texture"},
				"up": {"uv": [0, 5, 1, 6], "texture": "#texture"},
				"down": {"uv": [0, 6, 1, 7], "texture": "#texture"}
			}
		},
		{
			"from": [15, 5, 15],
			"to": [16, 7, 16],
			"faces": {
				"north": {"uv": [15, 9, 16, 11], "texture": "#texture"},
				"east": {"uv": [15, 9, 16, 11], "texture": "#texture"},
				"south": {"uv": [15, 9, 16, 11], "texture": "#texture"},
				"west": {"uv": [15, 9, 16, 11], "texture": "#texture"},
				"up": {"uv": [15, 9, 16, 10], "texture": "#texture"},
				"down": {"uv": [15, 10, 16, 11], "texture": "#texture"}
			}
		},
		{
			"from": [10, 5, 15],
			"to": [13, 7, 16],
			"faces": {
				"north": {"uv": [3, 9, 6, 11], "texture": "#texture"},
				"east": {"uv": [3, 9, 4, 11], "texture": "#texture"},
				"south": {"uv": [6, 9, 3, 11], "texture": "#texture"},
				"west": {"uv": [5, 9, 6, 11], "texture": "#texture"},
				"up": {"uv": [6, 9, 3, 10], "texture": "#texture"},
				"down": {"uv": [6, 10, 3, 11], "texture": "#texture"}
			}
		},
		{
			"from": [6, 6, 15],
			"to": [10, 7, 16],
			"faces": {
				"north": {"uv": [6, 9, 10, 10], "texture": "#texture"},
				"east": {"uv": [6, 9, 7, 10], "texture": "#texture"},
				"south": {"uv": [10, 9, 6, 10], "texture": "#texture"},
				"west": {"uv": [9, 9, 10, 10], "texture": "#texture"},
				"up": {"uv": [10, 9, 6, 10], "texture": "#texture"},
				"down": {"uv": [10, 9, 6, 10], "texture": "#texture"}
			}
		},
		{
			"from": [7, 7, 15],
			"to": [9, 8, 16],
			"faces": {
				"north": {"uv": [7, 8, 9, 9], "texture": "#texture"},
				"east": {"uv": [7, 8, 8, 9], "texture": "#texture"},
				"south": {"uv": [9, 8, 7, 9], "texture": "#texture"},
				"west": {"uv": [8, 8, 9, 9], "texture": "#texture"},
				"up": {"uv": [9, 8, 7, 9], "texture": "#texture"},
				"down": {"uv": [9, 8, 7, 9], "texture": "#texture"}
			}
		},
		{
			"from": [4, 4, 15],
			"to": [12, 5, 16],
			"faces": {
				"north": {"uv": [4, 11, 12, 12], "texture": "#texture"},
				"east": {"uv": [4, 11, 5, 12], "texture": "#texture"},
				"south": {"uv": [12, 11, 4, 12], "texture": "#texture"},
				"west": {"uv": [11, 11, 12, 12], "texture": "#texture"},
				"up": {"uv": [12, 11, 4, 12], "texture": "#texture"},
				"down": {"uv": [12, 11, 4, 12], "texture": "#texture"}
			}
		},
		{
			"from": [3, 5, 15],
			"to": [6, 7, 16],
			"faces": {
				"north": {"uv": [10, 9, 13, 11], "texture": "#texture"},
				"east": {"uv": [10, 9, 11, 11], "texture": "#texture"},
				"south": {"uv": [13, 9, 10, 11], "texture": "#texture"},
				"west": {"uv": [12, 9, 13, 11], "texture": "#texture"},
				"up": {"uv": [13, 9, 10, 10], "texture": "#texture"},
				"down": {"uv": [13, 10, 10, 11], "texture": "#texture"}
			}
		},
		{
			"from": [0, 5, 15],
			"to": [1, 7, 16],
			"faces": {
				"north": {"uv": [0, 9, 1, 11], "texture": "#texture"},
				"east": {"uv": [0, 9, 1, 11], "texture": "#texture"},
				"south": {"uv": [0, 9, 1, 11], "texture": "#texture"},
				"west": {"uv": [0, 9, 1, 11], "texture": "#texture"},
				"up": {"uv": [0, 9, 1, 10], "texture": "#texture"},
				"down": {"uv": [0, 10, 1, 11], "texture": "#texture"}
			}
		},
		{
			"from": [15, 1, 15],
			"to": [16, 3, 16],
			"faces": {
				"north": {"uv": [15, 13, 16, 15], "texture": "#texture"},
				"east": {"uv": [15, 13, 16, 15], "texture": "#texture"},
				"south": {"uv": [15, 13, 16, 15], "texture": "#texture"},
				"west": {"uv": [15, 13, 16, 15], "texture": "#texture"},
				"up": {"uv": [15, 13, 16, 14], "texture": "#texture"},
				"down": {"uv": [15, 14, 16, 15], "texture": "#texture"}
			}
		},
		{
			"from": [10, 1, 15],
			"to": [13, 3, 16],
			"faces": {
				"north": {"uv": [3, 13, 6, 15], "texture": "#texture"},
				"east": {"uv": [3, 13, 4, 15], "texture": "#texture"},
				"south": {"uv": [6, 13, 3, 15], "texture": "#texture"},
				"west": {"uv": [5, 13, 6, 15], "texture": "#texture"},
				"up": {"uv": [6, 13, 3, 14], "texture": "#texture"},
				"down": {"uv": [6, 14, 3, 15], "texture": "#texture"}
			}
		},
		{
			"from": [6, 2, 15],
			"to": [10, 3, 16],
			"faces": {
				"north": {"uv": [6, 13, 10, 14], "texture": "#texture"},
				"east": {"uv": [6, 13, 7, 14], "texture": "#texture"},
				"south": {"uv": [10, 13, 6, 14], "texture": "#texture"},
				"west": {"uv": [9, 13, 10, 14], "texture": "#texture"},
				"up": {"uv": [10, 13, 6, 14], "texture": "#texture"},
				"down": {"uv": [10, 13, 6, 14], "texture": "#texture"}
			}
		},
		{
			"from": [7, 3, 15],
			"to": [9, 4, 16],
			"faces": {
				"north": {"uv": [7, 12, 9, 13], "texture": "#texture"},
				"east": {"uv": [7, 12, 8, 13], "texture": "#texture"},
				"south": {"uv": [9, 12, 7, 13], "texture": "#texture"},
				"west": {"uv": [8, 12, 9, 13], "texture": "#texture"},
				"up": {"uv": [9, 12, 7, 13], "texture": "#texture"},
				"down": {"uv": [9, 12, 7, 13], "texture": "#texture"}
			}
		},
		{
			"from": [4, 0, 15],
			"to": [12, 1, 16],
			"faces": {
				"north": {"uv": [4, 15, 12, 16], "texture": "#texture"},
				"east": {"uv": [4, 15, 5, 16], "texture": "#texture"},
				"south": {"uv": [12, 15, 4, 16], "texture": "#texture"},
				"west": {"uv": [11, 15, 12, 16], "texture": "#texture"},
				"up": {"uv": [12, 15, 4, 16], "texture": "#texture"},
				"down": {"uv": [12, 15, 4, 16], "texture": "#texture"}
			}
		},
		{
			"from": [3, 1, 15],
			"to": [6, 3, 16],
			"faces": {
				"north": {"uv": [10, 13, 13, 15], "texture": "#texture"},
				"east": {"uv": [10, 13, 11, 15], "texture": "#texture"},
				"south": {"uv": [13, 13, 10, 15], "texture": "#texture"},
				"west": {"uv": [12, 13, 13, 15], "texture": "#texture"},
				"up": {"uv": [13, 13, 10, 14], "texture": "#texture"},
				"down": {"uv": [13, 14, 10, 15], "texture": "#texture"}
			}
		},
		{
			"from": [0, 1, 15],
			"to": [1, 3, 16],
			"faces": {
				"north": {"uv": [0, 13, 1, 15], "texture": "#texture"},
				"east": {"uv": [0, 13, 1, 15], "texture": "#texture"},
				"south": {"uv": [0, 13, 1, 15], "texture": "#texture"},
				"west": {"uv": [0, 13, 1, 15], "texture": "#texture"},
				"up": {"uv": [0, 13, 1, 14], "texture": "#texture"},
				"down": {"uv": [0, 14, 1, 15], "texture": "#texture"}
			}
		}
	],
	"groups": [
		{
			"name": "poles-lr",
			"origin": [8, 8, 8],
			"color": 0,
			"children": [0, 1]
		},
		{
			"name": "pole-m",
			"origin": [8, 8, 8],
			"color": 0,
			"children": [2, 3, 4, 5]
		},
		{
			"name": "rung-t",
			"origin": [8, 8, 8],
			"color": 0,
			"children": [6, 7, 8, 9, 10, 11, 12]
		},
		{
			"name": "rung-tm",
			"origin": [8, 8, 8],
			"color": 0,
			"children": [13, 14, 15, 16, 17, 18, 19]
		},
		{
			"name": "rung-lm",
			"origin": [8, 8, 8],
			"color": 0,
			"children": [20, 21, 22, 23, 24, 25, 26]
		},
		{
			"name": "rung-l",
			"origin": [8, 8, 8],
			"color": 0,
			"children": [27, 28, 29, 30, 31, 32, 33]
		}
	]
}