{
	"credit": "Made with Blockbench",
	"parent": "block/ladder",
	"ambientocclusion": false,
	"textures": {
		"particle": "atmospheric:block/grimwood_ladder",
		"texture": "atmospheric:block/grimwood_ladder"
	},
	"elements": [
		{
			"from": [1, 12, 15],
			"to": [2, 16, 16],
			"faces": {
				"north": {"uv": [14, 0, 15, 4], "texture": "#texture"},
				"east": {"uv": [14, 0, 15, 4], "texture": "#texture"},
				"south": {"uv": [14, 0, 15, 4], "texture": "#texture"},
				"west": {"uv": [14, 0, 15, 4], "texture": "#texture"},
				"up": {"uv": [14, 0, 15, 1], "texture": "#texture"},
				"down": {"uv": [14, 3, 15, 4], "texture": "#texture"}
			}
		},
		{
			"from": [2, 9, 15],
			"to": [3, 12, 16],
			"faces": {
				"north": {"uv": [13, 4, 14, 7], "texture": "#texture"},
				"east": {"uv": [13, 4, 14, 7], "texture": "#texture"},
				"south": {"uv": [13, 4, 14, 7], "texture": "#texture"},
				"west": {"uv": [13, 4, 14, 7], "texture": "#texture"},
				"up": {"uv": [13, 4, 14, 5], "texture": "#texture"},
				"down": {"uv": [13, 6, 14, 7], "texture": "#texture"}
			}
		},
		{
			"from": [4, 9, 15],
			"to": [5, 12, 16],
			"faces": {
				"north": {"uv": [11, 4, 12, 7], "texture": "#texture"},
				"east": {"uv": [11, 4, 12, 7], "texture": "#texture"},
				"south": {"uv": [11, 4, 12, 7], "texture": "#texture"},
				"west": {"uv": [11, 4, 12, 7], "texture": "#texture"},
				"up": {"uv": [11, 4, 12, 5], "texture": "#texture"},
				"down": {"uv": [11, 6, 12, 7], "texture": "#texture"}
			}
		},
		{
			"from": [1, 4, 15],
			"to": [2, 9, 16],
			"faces": {
				"north": {"uv": [14, 7, 15, 12], "texture": "#texture"},
				"east": {"uv": [14, 7, 15, 12], "texture": "#texture"},
				"south": {"uv": [14, 7, 15, 12], "texture": "#texture"},
				"west": {"uv": [14, 7, 15, 12], "texture": "#texture"},
				"up": {"uv": [14, 7, 15, 8], "texture": "#texture"},
				"down": {"uv": [14, 11, 15, 12], "texture": "#texture"}
			}
		},
		{
			"from": [2, 1, 15],
			"to": [3, 4, 16],
			"faces": {
				"north": {"uv": [13, 12, 14, 15], "texture": "#texture"},
				"east": {"uv": [13, 12, 14, 15], "texture": "#texture"},
				"south": {"uv": [13, 12, 14, 15], "texture": "#texture"},
				"west": {"uv": [13, 12, 14, 15], "texture": "#texture"},
				"up": {"uv": [13, 12, 14, 13], "texture": "#texture"},
				"down": {"uv": [13, 14, 14, 15], "texture": "#texture"}
			}
		},
		{
			"from": [4, 1, 15],
			"to": [5, 4, 16],
			"faces": {
				"north": {"uv": [11, 12, 12, 15], "texture": "#texture"},
				"east": {"uv": [11, 12, 12, 15], "texture": "#texture"},
				"south": {"uv": [11, 12, 12, 15], "texture": "#texture"},
				"west": {"uv": [11, 12, 12, 15], "texture": "#texture"},
				"up": {"uv": [11, 12, 12, 13], "texture": "#texture"},
				"down": {"uv": [11, 14, 12, 15], "texture": "#texture"}
			}
		},
		{
			"from": [1, 0, 15],
			"to": [2, 1, 16],
			"faces": {
				"north": {"uv": [14, 15, 15, 16], "texture": "#texture"},
				"east": {"uv": [14, 15, 15, 16], "texture": "#texture"},
				"south": {"uv": [14, 15, 15, 16], "texture": "#texture"},
				"west": {"uv": [14, 15, 15, 16], "texture": "#texture"},
				"up": {"uv": [14, 15, 15, 16], "texture": "#texture"},
				"down": {"uv": [14, 15, 15, 16], "texture": "#texture"}
			}
		},
		{
			"from": [7, 12, 15],
			"to": [9, 16, 16],
			"faces": {
				"north": {"uv": [7, 0, 9, 4], "texture": "#texture"},
				"east": {"uv": [7, 0, 8, 4], "texture": "#texture"},
				"south": {"uv": [9, 0, 7, 4], "texture": "#texture"},
				"west": {"uv": [8, 0, 9, 4], "texture": "#texture"},
				"up": {"uv": [7, 0, 9, 1], "texture": "#texture"},
				"down": {"uv": [9, 3, 7, 4], "texture": "#texture"}
			}
		},
		{
			"from": [7, 4, 15],
			"to": [9, 9, 16],
			"faces": {
				"north": {"uv": [7, 7, 9, 12], "texture": "#texture"},
				"east": {"uv": [7, 7, 8, 12], "texture": "#texture"},
				"south": {"uv": [9, 7, 7, 12], "texture": "#texture"},
				"west": {"uv": [8, 7, 9, 12], "texture": "#texture"},
				"up": {"uv": [9, 7, 7, 8], "texture": "#texture"},
				"down": {"uv": [9, 11, 7, 12], "texture": "#texture"}
			}
		},
		{
			"from": [7, 0, 15],
			"to": [9, 1, 16],
			"faces": {
				"north": {"uv": [7, 15, 9, 16], "texture": "#texture"},
				"east": {"uv": [7, 15, 8, 16], "texture": "#texture"},
				"south": {"uv": [9, 15, 7, 16], "texture": "#texture"},
				"west": {"uv": [8, 15, 9, 16], "texture": "#texture"},
				"up": {"uv": [9, 15, 7, 16], "texture": "#texture"},
				"down": {"uv": [9, 15, 7, 16], "texture": "#texture"}
			}
		},
		{
			"from": [14, 12, 15],
			"to": [15, 16, 16],
			"faces": {
				"north": {"uv": [1, 0, 2, 4], "texture": "#texture"},
				"east": {"uv": [1, 0, 2, 4], "texture": "#texture"},
				"south": {"uv": [1, 0, 2, 4], "texture": "#texture"},
				"west": {"uv": [1, 0, 2, 4], "texture": "#texture"},
				"up": {"uv": [1, 0, 2, 1], "texture": "#texture"},
				"down": {"uv": [1, 3, 2, 4], "texture": "#texture"}
			}
		},
		{
			"from": [11, 9, 15],
			"to": [12, 12, 16],
			"faces": {
				"north": {"uv": [4, 4, 5, 7], "texture": "#texture"},
				"east": {"uv": [4, 4, 5, 7], "texture": "#texture"},
				"south": {"uv": [4, 4, 5, 7], "texture": "#texture"},
				"west": {"uv": [4, 4, 5, 7], "texture": "#texture"},
				"up": {"uv": [4, 4, 5, 5], "texture": "#texture"},
				"down": {"uv": [4, 6, 5, 7], "texture": "#texture"}
			}
		},
		{
			"from": [13, 9, 15],
			"to": [14, 12, 16],
			"faces": {
				"north": {"uv": [2, 4, 3, 7], "texture": "#texture"},
				"east": {"uv": [2, 4, 3, 7], "texture": "#texture"},
				"south": {"uv": [2, 4, 3, 7], "texture": "#texture"},
				"west": {"uv": [2, 4, 3, 7], "texture": "#texture"},
				"up": {"uv": [2, 4, 3, 5], "texture": "#texture"},
				"down": {"uv": [2, 6, 3, 7], "texture": "#texture"}
			}
		},
		{
			"from": [14, 4, 15],
			"to": [15, 9, 16],
			"faces": {
				"north": {"uv": [1, 7, 2, 12], "texture": "#texture"},
				"east": {"uv": [1, 7, 2, 12], "texture": "#texture"},
				"south": {"uv": [1, 7, 2, 12], "texture": "#texture"},
				"west": {"uv": [1, 7, 2, 12], "texture": "#texture"},
				"up": {"uv": [1, 7, 2, 8], "texture": "#texture"},
				"down": {"uv": [1, 11, 2, 12], "texture": "#texture"}
			}
		},
		{
			"from": [11, 1, 15],
			"to": [12, 4, 16],
			"faces": {
				"north": {"uv": [4, 12, 5, 15], "texture": "#texture"},
				"east": {"uv": [4, 12, 5, 15], "texture": "#texture"},
				"south": {"uv": [4, 12, 5, 15], "texture": "#texture"},
				"west": {"uv": [4, 12, 5, 15], "texture": "#texture"},
				"up": {"uv": [4, 12, 5, 13], "texture": "#texture"},
				"down": {"uv": [4, 14, 5, 15], "texture": "#texture"}
			}
		},
		{
			"from": [13, 1, 15],
			"to": [14, 4, 16],
			"faces": {
				"north": {"uv": [2, 12, 3, 15], "texture": "#texture"},
				"east": {"uv": [2, 12, 3, 15], "texture": "#texture"},
				"south": {"uv": [2, 12, 3, 15], "texture": "#texture"},
				"west": {"uv": [2, 12, 3, 15], "texture": "#texture"},
				"up": {"uv": [2, 12, 3, 13], "texture": "#texture"},
				"down": {"uv": [2, 14, 3, 15], "texture": "#texture"}
			}
		},
		{
			"from": [14, 0, 15],
			"to": [15, 1, 16],
			"faces": {
				"north": {"uv": [1, 15, 2, 16], "texture": "#texture"},
				"east": {"uv": [1, 15, 2, 16], "texture": "#texture"},
				"south": {"uv": [1, 15, 2, 16], "texture": "#texture"},
				"west": {"uv": [1, 15, 2, 16], "texture": "#texture"},
				"up": {"uv": [1, 15, 2, 16], "texture": "#texture"},
				"down": {"uv": [1, 15, 2, 16], "texture": "#texture"}
			}
		},
		{
			"from": [2, 14, 15],
			"to": [7, 15, 16],
			"faces": {
				"north": {"uv": [9, 1, 14, 2], "texture": "#texture"},
				"east": {"uv": [9, 1, 10, 2], "texture": "#texture"},
				"south": {"uv": [14, 1, 9, 2], "texture": "#texture"},
				"west": {"uv": [13, 1, 14, 2], "texture": "#texture"},
				"up": {"uv": [14, 1, 9, 2], "texture": "#texture"},
				"down": {"uv": [14, 1, 9, 2], "texture": "#texture"}
			}
		},
		{
			"from": [9, 14, 15],
			"to": [14, 15, 16],
			"faces": {
				"north": {"uv": [2, 1, 7, 2], "texture": "#texture"},
				"east": {"uv": [2, 1, 3, 2], "texture": "#texture"},
				"south": {"uv": [7, 1, 2, 2], "texture": "#texture"},
				"west": {"uv": [6, 1, 7, 2], "texture": "#texture"},
				"up": {"uv": [7, 1, 2, 2], "texture": "#texture"},
				"down": {"uv": [7, 1, 2, 2], "texture": "#texture"}
			}
		},
		{
			"from": [2, 12, 15],
			"to": [7, 13, 16],
			"faces": {
				"north": {"uv": [9, 3, 14, 4], "texture": "#texture"},
				"east": {"uv": [9, 3, 10, 4], "texture": "#texture"},
				"south": {"uv": [14, 3, 9, 4], "texture": "#texture"},
				"west": {"uv": [13, 3, 14, 4], "texture": "#texture"},
				"up": {"uv": [14, 3, 9, 4], "texture": "#texture"},
				"down": {"uv": [14, 3, 9, 4], "texture": "#texture"}
			}
		},
		{
			"from": [9, 12, 15],
			"to": [14, 13, 16],
			"faces": {
				"north": {"uv": [2, 3, 7, 4], "texture": "#texture"},
				"east": {"uv": [2, 3, 3, 4], "texture": "#texture"},
				"south": {"uv": [7, 3, 2, 4], "texture": "#texture"},
				"west": {"uv": [6, 3, 7, 4], "texture": "#texture"},
				"up": {"uv": [7, 3, 2, 4], "texture": "#texture"},
				"down": {"uv": [7, 3, 2, 4], "texture": "#texture"}
			}
		},
		{
			"from": [5, 10, 15],
			"to": [11, 11, 16],
			"faces": {
				"north": {"uv": [5, 5, 11, 6], "texture": "#texture"},
				"east": {"uv": [5, 5, 6, 6], "texture": "#texture"},
				"south": {"uv": [11, 5, 5, 6], "texture": "#texture"},
				"west": {"uv": [10, 5, 11, 6], "texture": "#texture"},
				"up": {"uv": [11, 5, 5, 6], "texture": "#texture"},
				"down": {"uv": [11, 5, 5, 6], "texture": "#texture"}
			}
		},
		{
			"from": [2, 8, 15],
			"to": [7, 9, 16],
			"faces": {
				"north": {"uv": [9, 7, 14, 8], "texture": "#texture"},
				"east": {"uv": [9, 7, 10, 8], "texture": "#texture"},
				"south": {"uv": [14, 7, 9, 8], "texture": "#texture"},
				"west": {"uv": [13, 7, 14, 8], "texture": "#texture"},
				"up": {"uv": [14, 7, 9, 8], "texture": "#texture"},
				"down": {"uv": [14, 7, 9, 8], "texture": "#texture"}
			}
		},
		{
			"from": [9, 8, 15],
			"to": [14, 9, 16],
			"faces": {
				"north": {"uv": [2, 7, 7, 8], "texture": "#texture"},
				"east": {"uv": [2, 7, 3, 8], "texture": "#texture"},
				"south": {"uv": [7, 7, 2, 8], "texture": "#texture"},
				"west": {"uv": [6, 7, 7, 8], "texture": "#texture"},
				"up": {"uv": [7, 7, 2, 8], "texture": "#texture"},
				"down": {"uv": [7, 7, 2, 8], "texture": "#texture"}
			}
		},
		{
			"from": [2, 6, 15],
			"to": [7, 7, 16],
			"faces": {
				"north": {"uv": [9, 9, 14, 10], "texture": "#texture"},
				"east": {"uv": [9, 9, 10, 10], "texture": "#texture"},
				"south": {"uv": [14, 9, 9, 10], "texture": "#texture"},
				"west": {"uv": [13, 9, 14, 10], "texture": "#texture"},
				"up": {"uv": [14, 9, 9, 10], "texture": "#texture"},
				"down": {"uv": [14, 9, 9, 10], "texture": "#texture"}
			}
		},
		{
			"from": [9, 6, 15],
			"to": [14, 7, 16],
			"faces": {
				"north": {"uv": [2, 9, 7, 10], "texture": "#texture"},
				"east": {"uv": [2, 9, 3, 10], "texture": "#texture"},
				"south": {"uv": [7, 9, 2, 10], "texture": "#texture"},
				"west": {"uv": [6, 9, 7, 10], "texture": "#texture"},
				"up": {"uv": [7, 9, 2, 10], "texture": "#texture"},
				"down": {"uv": [7, 9, 2, 10], "texture": "#texture"}
			}
		},
		{
			"from": [2, 4, 15],
			"to": [7, 5, 16],
			"faces": {
				"north": {"uv": [9, 11, 14, 12], "texture": "#texture"},
				"east": {"uv": [9, 11, 10, 12], "texture": "#texture"},
				"south": {"uv": [14, 11, 9, 12], "texture": "#texture"},
				"west": {"uv": [13, 11, 14, 12], "texture": "#texture"},
				"up": {"uv": [14, 11, 9, 12], "texture": "#texture"},
				"down": {"uv": [14, 11, 9, 12], "texture": "#texture"}
			}
		},
		{
			"from": [9, 4, 15],
			"to": [14, 5, 16],
			"faces": {
				"north": {"uv": [2, 11, 7, 12], "texture": "#texture"},
				"east": {"uv": [2, 11, 3, 12], "texture": "#texture"},
				"south": {"uv": [7, 11, 2, 12], "texture": "#texture"},
				"west": {"uv": [6, 11, 7, 12], "texture": "#texture"},
				"up": {"uv": [7, 11, 2, 12], "texture": "#texture"},
				"down": {"uv": [7, 11, 2, 12], "texture": "#texture"}
			}
		},
		{
			"from": [5, 2, 15],
			"to": [11, 3, 16],
			"faces": {
				"north": {"uv": [5, 13, 11, 14], "texture": "#texture"},
				"east": {"uv": [5, 13, 6, 14], "texture": "#texture"},
				"south": {"uv": [11, 13, 5, 14], "texture": "#texture"},
				"west": {"uv": [10, 13, 11, 14], "texture": "#texture"},
				"up": {"uv": [11, 13, 5, 14], "texture": "#texture"},
				"down": {"uv": [11, 13, 5, 14], "texture": "#texture"}
			}
		},
		{
			"from": [2, 0, 15],
			"to": [7, 1, 16],
			"faces": {
				"north": {"uv": [9, 15, 14, 16], "texture": "#texture"},
				"east": {"uv": [9, 15, 10, 16], "texture": "#texture"},
				"south": {"uv": [14, 15, 9, 16], "texture": "#texture"},
				"west": {"uv": [13, 15, 14, 16], "texture": "#texture"},
				"up": {"uv": [14, 15, 9, 16], "texture": "#texture"},
				"down": {"uv": [14, 15, 9, 16], "texture": "#texture"}
			}
		},
		{
			"from": [9, 0, 15],
			"to": [14, 1, 16],
			"faces": {
				"north": {"uv": [2, 15, 7, 16], "texture": "#texture"},
				"east": {"uv": [2, 15, 3, 16], "texture": "#texture"},
				"south": {"uv": [7, 15, 2, 16], "texture": "#texture"},
				"west": {"uv": [6, 15, 7, 16], "texture": "#texture"},
				"up": {"uv": [7, 15, 2, 16], "texture": "#texture"},
				"down": {"uv": [7, 15, 2, 16], "texture": "#texture"}
			}
		}
	],
	"groups": [
		{
			"name": "poles-r",
			"origin": [8, 8, 8],
			"color": 0,
			"children": [0, 1, 2, 3, 4, 5, 6]
		},
		{
			"name": "pole-m",
			"origin": [8, 8, 8],
			"color": 0,
			"children": [7, 8, 9]
		},
		{
			"name": "poles-l",
			"origin": [8, 8, 8],
			"color": 0,
			"children": [10, 11, 12, 13, 14, 15, 16]
		},
		{
			"name": "rung-t",
			"origin": [8, 8, 8],
			"color": 0,
			"children": [17, 18, 19, 20]
		},
		{
			"name": "rung-m",
			"origin": [8, 8, 8],
			"color": 0,
			"children": [21, 22, 23, 24, 25, 26, 27]
		},
		{
			"name": "rung-t",
			"origin": [8, 8, 8],
			"color": 0,
			"children": [28, 29, 30]
		}
	]
}