{
	"credit": "Made with Blockbench",
	"parent": "block/ladder",
	"ambientocclusion": false,
	"textures": {
		"particle": "atmospheric:block/kousa_ladder",
		"texture": "atmospheric:block/kousa_ladder"
	},
	"elements": [
		{
			"from": [1, 15, 15],
			"to": [15, 16, 16],
			"faces": {
				"north": {"uv": [1, 0, 15, 1], "texture": "#texture"},
				"east": {"uv": [1, 0, 2, 1], "texture": "#texture"},
				"south": {"uv": [15, 0, 1, 1], "texture": "#texture"},
				"west": {"uv": [14, 0, 15, 1], "texture": "#texture"},
				"up": {"uv": [15, 0, 1, 1], "texture": "#texture"},
				"down": {"uv": [15, 0, 1, 1], "texture": "#texture"}
			}
		},
		{
			"from": [1, 11, 15],
			"to": [15, 13, 16],
			"faces": {
				"north": {"uv": [1, 3, 15, 5], "texture": "#texture"},
				"east": {"uv": [1, 3, 2, 5], "texture": "#texture"},
				"south": {"uv": [15, 3, 1, 5], "texture": "#texture"},
				"west": {"uv": [14, 3, 15, 5], "texture": "#texture"},
				"up": {"uv": [15, 3, 1, 4], "texture": "#texture"},
				"down": {"uv": [15, 4, 1, 5], "texture": "#texture"}
			}
		},
		{
			"from": [1, 7, 15],
			"to": [15, 9, 16],
			"faces": {
				"north": {"uv": [1, 7, 15, 9], "texture": "#texture"},
				"east": {"uv": [1, 7, 2, 9], "texture": "#texture"},
				"south": {"uv": [15, 7, 1, 9], "texture": "#texture"},
				"west": {"uv": [14, 7, 15, 9], "texture": "#texture"},
				"up": {"uv": [15, 7, 1, 8], "texture": "#texture"},
				"down": {"uv": [15, 8, 1, 9], "texture": "#texture"}
			}
		},
		{
			"from": [1, 3, 15],
			"to": [15, 5, 16],
			"faces": {
				"north": {"uv": [1, 11, 15, 13], "texture": "#texture"},
				"east": {"uv": [1, 11, 2, 13], "texture": "#texture"},
				"south": {"uv": [15, 11, 1, 13], "texture": "#texture"},
				"west": {"uv": [14, 11, 15, 13], "texture": "#texture"},
				"up": {"uv": [15, 11, 1, 12], "texture": "#texture"},
				"down": {"uv": [15, 12, 1, 13], "texture": "#texture"}
			}
		},
		{
			"from": [1, 0, 15],
			"to": [15, 1, 16],
			"faces": {
				"north": {"uv": [1, 15, 15, 16], "texture": "#texture"},
				"east": {"uv": [1, 15, 2, 16], "texture": "#texture"},
				"south": {"uv": [15, 15, 1, 16], "texture": "#texture"},
				"west": {"uv": [14, 15, 15, 16], "texture": "#texture"},
				"up": {"uv": [15, 15, 1, 16], "texture": "#texture"},
				"down": {"uv": [15, 15, 1, 16], "texture": "#texture"}
			}
		},
		{
			"from": [4, 13, 15],
			"to": [5, 15, 16],
			"faces": {
				"north": {"uv": [11, 1, 12, 3], "texture": "#texture"},
				"east": {"uv": [11, 1, 12, 3], "texture": "#texture"},
				"south": {"uv": [11, 1, 12, 3], "texture": "#texture"},
				"west": {"uv": [11, 1, 12, 3], "texture": "#texture"},
				"up": {"uv": [11, 1, 12, 2], "texture": "#texture"},
				"down": {"uv": [11, 2, 12, 3], "texture": "#texture"}
			}
		},
		{
			"from": [2, 13, 15],
			"to": [3, 15, 16],
			"faces": {
				"north": {"uv": [13, 1, 14, 3], "texture": "#texture"},
				"east": {"uv": [13, 1, 14, 3], "texture": "#texture"},
				"south": {"uv": [13, 1, 14, 3], "texture": "#texture"},
				"west": {"uv": [13, 1, 14, 3], "texture": "#texture"},
				"up": {"uv": [13, 1, 14, 2], "texture": "#texture"},
				"down": {"uv": [13, 2, 14, 3], "texture": "#texture"}
			}
		},
		{
			"from": [3, 9, 15],
			"to": [4, 11, 16],
			"faces": {
				"north": {"uv": [12, 5, 13, 7], "texture": "#texture"},
				"east": {"uv": [12, 5, 13, 7], "texture": "#texture"},
				"south": {"uv": [12, 5, 13, 7], "texture": "#texture"},
				"west": {"uv": [12, 5, 13, 7], "texture": "#texture"},
				"up": {"uv": [12, 5, 13, 6], "texture": "#texture"},
				"down": {"uv": [12, 6, 13, 7], "texture": "#texture"}
			}
		},
		{
			"from": [2, 5, 15],
			"to": [3, 7, 16],
			"faces": {
				"north": {"uv": [13, 9, 14, 11], "texture": "#texture"},
				"east": {"uv": [13, 9, 14, 11], "texture": "#texture"},
				"south": {"uv": [13, 9, 14, 11], "texture": "#texture"},
				"west": {"uv": [13, 9, 14, 11], "texture": "#texture"},
				"up": {"uv": [13, 9, 14, 10], "texture": "#texture"},
				"down": {"uv": [13, 10, 14, 11], "texture": "#texture"}
			}
		},
		{
			"from": [4, 5, 15],
			"to": [5, 7, 16],
			"faces": {
				"north": {"uv": [11, 9, 12, 11], "texture": "#texture"},
				"east": {"uv": [11, 9, 12, 11], "texture": "#texture"},
				"south": {"uv": [11, 9, 12, 11], "texture": "#texture"},
				"west": {"uv": [11, 9, 12, 11], "texture": "#texture"},
				"up": {"uv": [11, 9, 12, 10], "texture": "#texture"},
				"down": {"uv": [11, 10, 12, 11], "texture": "#texture"}
			}
		},
		{
			"from": [3, 1, 15],
			"to": [4, 3, 16],
			"faces": {
				"north": {"uv": [12, 13, 13, 15], "texture": "#texture"},
				"east": {"uv": [12, 13, 13, 15], "texture": "#texture"},
				"south": {"uv": [12, 13, 13, 15], "texture": "#texture"},
				"west": {"uv": [12, 13, 13, 15], "texture": "#texture"},
				"up": {"uv": [12, 13, 13, 14], "texture": "#texture"},
				"down": {"uv": [12, 14, 13, 15], "texture": "#texture"}
			}
		},
		{
			"from": [13, 9, 15],
			"to": [14, 11, 16],
			"faces": {
				"north": {"uv": [2, 5, 3, 7], "texture": "#texture"},
				"east": {"uv": [2, 5, 3, 7], "texture": "#texture"},
				"south": {"uv": [2, 5, 3, 7], "texture": "#texture"},
				"west": {"uv": [2, 5, 3, 7], "texture": "#texture"},
				"up": {"uv": [2, 5, 3, 6], "texture": "#texture"},
				"down": {"uv": [2, 6, 3, 7], "texture": "#texture"}
			}
		},
		{
			"from": [11, 9, 15],
			"to": [12, 11, 16],
			"faces": {
				"north": {"uv": [4, 5, 5, 7], "texture": "#texture"},
				"east": {"uv": [4, 5, 5, 7], "texture": "#texture"},
				"south": {"uv": [4, 5, 5, 7], "texture": "#texture"},
				"west": {"uv": [4, 5, 5, 7], "texture": "#texture"},
				"up": {"uv": [4, 5, 5, 6], "texture": "#texture"},
				"down": {"uv": [4, 6, 5, 7], "texture": "#texture"}
			}
		},
		{
			"from": [12, 13, 15],
			"to": [13, 15, 16],
			"faces": {
				"north": {"uv": [3, 1, 4, 3], "texture": "#texture"},
				"east": {"uv": [3, 1, 4, 3], "texture": "#texture"},
				"south": {"uv": [3, 1, 4, 3], "texture": "#texture"},
				"west": {"uv": [3, 1, 4, 3], "texture": "#texture"},
				"up": {"uv": [3, 1, 4, 2], "texture": "#texture"},
				"down": {"uv": [3, 2, 4, 3], "texture": "#texture"}
			}
		},
		{
			"from": [11, 1, 15],
			"to": [12, 3, 16],
			"faces": {
				"north": {"uv": [4, 13, 5, 15], "texture": "#texture"},
				"east": {"uv": [4, 13, 5, 15], "texture": "#texture"},
				"south": {"uv": [4, 13, 5, 15], "texture": "#texture"},
				"west": {"uv": [4, 13, 5, 15], "texture": "#texture"},
				"up": {"uv": [4, 13, 5, 14], "texture": "#texture"},
				"down": {"uv": [4, 14, 5, 15], "texture": "#texture"}
			}
		},
		{
			"from": [13, 1, 15],
			"to": [14, 3, 16],
			"faces": {
				"north": {"uv": [2, 13, 3, 15], "texture": "#texture"},
				"east": {"uv": [2, 13, 3, 15], "texture": "#texture"},
				"south": {"uv": [2, 13, 3, 15], "texture": "#texture"},
				"west": {"uv": [2, 13, 3, 15], "texture": "#texture"},
				"up": {"uv": [2, 13, 3, 14], "texture": "#texture"},
				"down": {"uv": [2, 14, 3, 15], "texture": "#texture"}
			}
		},
		{
			"from": [12, 5, 15],
			"to": [13, 7, 16],
			"faces": {
				"north": {"uv": [3, 9, 4, 11], "texture": "#texture"},
				"east": {"uv": [3, 9, 4, 11], "texture": "#texture"},
				"south": {"uv": [3, 9, 4, 11], "texture": "#texture"},
				"west": {"uv": [3, 9, 4, 11], "texture": "#texture"},
				"up": {"uv": [3, 9, 4, 10], "texture": "#texture"},
				"down": {"uv": [3, 10, 4, 11], "texture": "#texture"}
			}
		}
	],
	"groups": [
		{
			"name": "rungs",
			"origin": [8, 8, 8],
			"color": 0,
			"children": [0, 1, 2, 3, 4]
		},
		{
			"name": "poles-r",
			"origin": [8, 8, 8],
			"color": 0,
			"children": [5, 6, 7, 8, 9, 10]
		},
		{
			"name": "poles-l",
			"origin": [8, 8, 8],
			"color": 0,
			"children": [11, 12, 13, 14, 15, 16]
		}
	]
}