{
	"credit": "Made with Blockbench",
	"parent": "block/ladder",
	"ambientocclusion": false,
	"textures": {
		"particle": "atmospheric:block/morado_ladder",
		"texture": "atmospheric:block/morado_ladder"
	},
	"elements": [
		{
			"from": [2, 0, 15],
			"to": [4, 16, 16],
			"faces": {
				"north": {"uv": [12, 0, 14, 16], "texture": "#texture"},
				"east": {"uv": [12, 0, 13, 16], "texture": "#texture"},
				"south": {"uv": [14, 0, 12, 16], "texture": "#texture"},
				"west": {"uv": [13, 0, 14, 16], "texture": "#texture"},
				"up": {"uv": [14, 0, 12, 1], "texture": "#texture"},
				"down": {"uv": [14, 15, 12, 16], "texture": "#texture"}
			}
		},
		{
			"from": [12, 0, 15],
			"to": [14, 16, 16],
			"faces": {
				"north": {"uv": [2, 0, 4, 16], "texture": "#texture"},
				"east": {"uv": [2, 0, 3, 16], "texture": "#texture"},
				"south": {"uv": [4, 0, 2, 16], "texture": "#texture"},
				"west": {"uv": [3, 0, 4, 16], "texture": "#texture"},
				"up": {"uv": [4, 0, 2, 1], "texture": "#texture"},
				"down": {"uv": [4, 15, 2, 16], "texture": "#texture"}
			}
		},
		{
			"from": [14, 13, 15],
			"to": [15, 15, 16],
			"faces": {
				"north": {"uv": [1, 1, 2, 3], "texture": "#texture"},
				"east": {"uv": [1, 1, 2, 3], "texture": "#texture"},
				"south": {"uv": [1, 1, 2, 3], "texture": "#texture"},
				"west": {"uv": [1, 1, 2, 3], "texture": "#texture"},
				"up": {"uv": [1, 1, 2, 2], "texture": "#texture"},
				"down": {"uv": [1, 2, 2, 3], "texture": "#texture"}
			}
		},
		{
			"from": [10, 13, 15],
			"to": [12, 15, 16],
			"faces": {
				"north": {"uv": [4, 1, 6, 3], "texture": "#texture"},
				"east": {"uv": [4, 1, 5, 3], "texture": "#texture"},
				"south": {"uv": [6, 1, 4, 3], "texture": "#texture"},
				"west": {"uv": [5, 1, 6, 3], "texture": "#texture"},
				"up": {"uv": [6, 1, 4, 2], "texture": "#texture"},
				"down": {"uv": [6, 2, 4, 3], "texture": "#texture"}
			}
		},
		{
			"from": [6, 12, 15],
			"to": [10, 14, 16],
			"faces": {
				"north": {"uv": [6, 2, 10, 4], "texture": "#texture"},
				"east": {"uv": [6, 2, 7, 4], "texture": "#texture"},
				"south": {"uv": [10, 2, 6, 4], "texture": "#texture"},
				"west": {"uv": [9, 2, 10, 4], "texture": "#texture"},
				"up": {"uv": [10, 2, 6, 3], "texture": "#texture"},
				"down": {"uv": [10, 3, 6, 4], "texture": "#texture"}
			}
		},
		{
			"from": [4, 11, 15],
			"to": [6, 13, 16],
			"faces": {
				"north": {"uv": [10, 3, 12, 5], "texture": "#texture"},
				"east": {"uv": [10, 3, 11, 5], "texture": "#texture"},
				"south": {"uv": [12, 3, 10, 5], "texture": "#texture"},
				"west": {"uv": [11, 3, 12, 5], "texture": "#texture"},
				"up": {"uv": [12, 3, 10, 4], "texture": "#texture"},
				"down": {"uv": [12, 4, 10, 5], "texture": "#texture"}
			}
		},
		{
			"from": [1, 11, 15],
			"to": [2, 13, 16],
			"faces": {
				"north": {"uv": [14, 3, 15, 5], "texture": "#texture"},
				"east": {"uv": [14, 3, 15, 5], "texture": "#texture"},
				"south": {"uv": [14, 3, 15, 5], "texture": "#texture"},
				"west": {"uv": [14, 3, 15, 5], "texture": "#texture"},
				"up": {"uv": [14, 3, 15, 4], "texture": "#texture"},
				"down": {"uv": [14, 4, 15, 5], "texture": "#texture"}
			}
		},
		{
			"from": [14, 6, 15],
			"to": [15, 8, 16],
			"faces": {
				"north": {"uv": [1, 8, 2, 10], "texture": "#texture"},
				"east": {"uv": [1, 8, 2, 10], "texture": "#texture"},
				"south": {"uv": [1, 8, 2, 10], "texture": "#texture"},
				"west": {"uv": [1, 8, 2, 10], "texture": "#texture"},
				"up": {"uv": [1, 8, 2, 9], "texture": "#texture"},
				"down": {"uv": [1, 9, 2, 10], "texture": "#texture"}
			}
		},
		{
			"from": [10, 6, 15],
			"to": [12, 8, 16],
			"faces": {
				"north": {"uv": [4, 8, 6, 10], "texture": "#texture"},
				"east": {"uv": [4, 8, 5, 10], "texture": "#texture"},
				"south": {"uv": [6, 8, 4, 10], "texture": "#texture"},
				"west": {"uv": [5, 8, 6, 10], "texture": "#texture"},
				"up": {"uv": [6, 8, 4, 9], "texture": "#texture"},
				"down": {"uv": [6, 9, 4, 10], "texture": "#texture"}
			}
		},
		{
			"from": [6, 7, 15],
			"to": [10, 9, 16],
			"faces": {
				"north": {"uv": [6, 7, 10, 9], "texture": "#texture"},
				"east": {"uv": [6, 7, 7, 9], "texture": "#texture"},
				"south": {"uv": [10, 7, 6, 9], "texture": "#texture"},
				"west": {"uv": [9, 7, 10, 9], "texture": "#texture"},
				"up": {"uv": [10, 7, 6, 8], "texture": "#texture"},
				"down": {"uv": [10, 8, 6, 9], "texture": "#texture"}
			}
		},
		{
			"from": [4, 8, 15],
			"to": [6, 10, 16],
			"faces": {
				"north": {"uv": [10, 6, 12, 8], "texture": "#texture"},
				"east": {"uv": [10, 6, 11, 8], "texture": "#texture"},
				"south": {"uv": [12, 6, 10, 8], "texture": "#texture"},
				"west": {"uv": [11, 6, 12, 8], "texture": "#texture"},
				"up": {"uv": [12, 6, 10, 7], "texture": "#texture"},
				"down": {"uv": [12, 7, 10, 8], "texture": "#texture"}
			}
		},
		{
			"from": [1, 8, 15],
			"to": [2, 10, 16],
			"faces": {
				"north": {"uv": [14, 6, 15, 8], "texture": "#texture"},
				"east": {"uv": [14, 6, 15, 8], "texture": "#texture"},
				"south": {"uv": [14, 6, 15, 8], "texture": "#texture"},
				"west": {"uv": [14, 6, 15, 8], "texture": "#texture"},
				"up": {"uv": [14, 6, 15, 7], "texture": "#texture"},
				"down": {"uv": [14, 7, 15, 8], "texture": "#texture"}
			}
		},
		{
			"from": [14, 3, 15],
			"to": [15, 5, 16],
			"faces": {
				"north": {"uv": [1, 11, 2, 13], "texture": "#texture"},
				"east": {"uv": [1, 11, 2, 13], "texture": "#texture"},
				"south": {"uv": [1, 11, 2, 13], "texture": "#texture"},
				"west": {"uv": [1, 11, 2, 13], "texture": "#texture"},
				"up": {"uv": [1, 11, 2, 12], "texture": "#texture"},
				"down": {"uv": [1, 12, 2, 13], "texture": "#texture"}
			}
		},
		{
			"from": [10, 3, 15],
			"to": [12, 5, 16],
			"faces": {
				"north": {"uv": [4, 11, 6, 13], "texture": "#texture"},
				"east": {"uv": [4, 11, 5, 13], "texture": "#texture"},
				"south": {"uv": [6, 11, 4, 13], "texture": "#texture"},
				"west": {"uv": [5, 11, 6, 13], "texture": "#texture"},
				"up": {"uv": [6, 11, 4, 12], "texture": "#texture"},
				"down": {"uv": [6, 12, 4, 13], "texture": "#texture"}
			}
		},
		{
			"from": [6, 2, 15],
			"to": [10, 4, 16],
			"faces": {
				"north": {"uv": [6, 12, 10, 14], "texture": "#texture"},
				"east": {"uv": [6, 12, 7, 14], "texture": "#texture"},
				"south": {"uv": [10, 12, 6, 14], "texture": "#texture"},
				"west": {"uv": [9, 12, 10, 14], "texture": "#texture"},
				"up": {"uv": [10, 12, 6, 13], "texture": "#texture"},
				"down": {"uv": [10, 13, 6, 14], "texture": "#texture"}
			}
		},
		{
			"from": [4, 1, 15],
			"to": [6, 3, 16],
			"faces": {
				"north": {"uv": [10, 13, 12, 15], "texture": "#texture"},
				"east": {"uv": [10, 13, 11, 15], "texture": "#texture"},
				"south": {"uv": [12, 13, 10, 15], "texture": "#texture"},
				"west": {"uv": [11, 13, 12, 15], "texture": "#texture"},
				"up": {"uv": [12, 13, 10, 14], "texture": "#texture"},
				"down": {"uv": [12, 14, 10, 15], "texture": "#texture"}
			}
		},
		{
			"from": [1, 1, 15],
			"to": [2, 3, 16],
			"faces": {
				"north": {"uv": [14, 13, 15, 15], "texture": "#texture"},
				"east": {"uv": [14, 13, 15, 15], "texture": "#texture"},
				"south": {"uv": [14, 13, 15, 15], "texture": "#texture"},
				"west": {"uv": [14, 13, 15, 15], "texture": "#texture"},
				"up": {"uv": [14, 13, 15, 14], "texture": "#texture"},
				"down": {"uv": [14, 14, 15, 15], "texture": "#texture"}
			}
		}
	],
	"groups": [
		{
			"name": "poles",
			"origin": [8, 8, 8],
			"color": 0,
			"children": [0, 1]
		},
		{
			"name": "rung-t",
			"origin": [8, 8, 8],
			"color": 0,
			"children": [2, 3, 4, 5, 6]
		},
		{
			"name": "rung-m",
			"origin": [8, 8, 8],
			"color": 0,
			"children": [7, 8, 9, 10, 11]
		},
		{
			"name": "rung-b",
			"origin": [8, 8, 8],
			"color": 0,
			"children": [12, 13, 14, 15, 16]
		}
	]
}