{
	"credit": "Made with Blockbench",
	"parent": "block/ladder",
	"ambientocclusion": false,
	"textures": {
		"particle": "atmospheric:block/rosewood_ladder",
		"texture": "atmospheric:block/rosewood_ladder"
	},
	"elements": [
		{
			"from": [1, 0, 15],
			"to": [3, 16, 16],
			"faces": {
				"north": {"uv": [13, 0, 15, 16], "texture": "#texture"},
				"east": {"uv": [13, 0, 14, 16], "texture": "#texture"},
				"south": {"uv": [15, 0, 13, 16], "texture": "#texture"},
				"west": {"uv": [14, 0, 15, 16], "texture": "#texture"},
				"up": {"uv": [15, 0, 13, 1], "texture": "#texture"},
				"down": {"uv": [15, 15, 13, 16], "texture": "#texture"}
			}
		},
		{
			"from": [7, 0, 15],
			"to": [9, 16, 16],
			"faces": {
				"north": {"uv": [7, 0, 9, 16], "texture": "#texture"},
				"east": {"uv": [7, 0, 8, 16], "texture": "#texture"},
				"south": {"uv": [9, 0, 7, 16], "texture": "#texture"},
				"west": {"uv": [8, 0, 9, 16], "texture": "#texture"},
				"up": {"uv": [9, 0, 7, 1], "texture": "#texture"},
				"down": {"uv": [9, 15, 7, 16], "texture": "#texture"}
			}
		},
		{
			"from": [13, 0, 15],
			"to": [15, 16, 16],
			"faces": {
				"north": {"uv": [1, 0, 3, 16], "texture": "#texture"},
				"east": {"uv": [1, 0, 2, 16], "texture": "#texture"},
				"south": {"uv": [3, 0, 1, 16], "texture": "#texture"},
				"west": {"uv": [2, 0, 3, 16], "texture": "#texture"},
				"up": {"uv": [3, 0, 1, 1], "texture": "#texture"},
				"down": {"uv": [3, 15, 1, 16], "texture": "#texture"}
			}
		},
		{
			"from": [15, 14, 15],
			"to": [16, 16, 16],
			"faces": {
				"north": {"uv": [0, 0, 1, 2], "texture": "#texture"},
				"east": {"uv": [0, 0, 1, 2], "texture": "#texture"},
				"south": {"uv": [0, 0, 1, 2], "texture": "#texture"},
				"west": {"uv": [0, 0, 1, 2], "texture": "#texture"},
				"up": {"uv": [0, 0, 1, 1], "texture": "#texture"},
				"down": {"uv": [0, 1, 1, 2], "texture": "#texture"}
			}
		},
		{
			"from": [12, 13, 15],
			"to": [13, 16, 16],
			"faces": {
				"north": {"uv": [3, 0, 4, 3], "texture": "#texture"},
				"east": {"uv": [3, 0, 4, 3], "texture": "#texture"},
				"south": {"uv": [3, 0, 4, 3], "texture": "#texture"},
				"west": {"uv": [3, 0, 4, 3], "texture": "#texture"},
				"up": {"uv": [3, 0, 4, 1], "texture": "#texture"},
				"down": {"uv": [3, 2, 4, 3], "texture": "#texture"}
			}
		},
		{
			"from": [9, 14, 15],
			"to": [12, 16, 16],
			"faces": {
				"north": {"uv": [4, 0, 7, 2], "texture": "#texture"},
				"east": {"uv": [4, 0, 5, 2], "texture": "#texture"},
				"south": {"uv": [7, 0, 4, 2], "texture": "#texture"},
				"west": {"uv": [6, 0, 7, 2], "texture": "#texture"},
				"up": {"uv": [7, 0, 4, 1], "texture": "#texture"},
				"down": {"uv": [7, 1, 4, 2], "texture": "#texture"}
			}
		},
		{
			"from": [4, 14, 15],
			"to": [7, 16, 16],
			"faces": {
				"north": {"uv": [9, 0, 12, 2], "texture": "#texture"},
				"east": {"uv": [9, 0, 10, 2], "texture": "#texture"},
				"south": {"uv": [12, 0, 9, 2], "texture": "#texture"},
				"west": {"uv": [11, 0, 12, 2], "texture": "#texture"},
				"up": {"uv": [12, 0, 9, 1], "texture": "#texture"},
				"down": {"uv": [12, 1, 9, 2], "texture": "#texture"}
			}
		},
		{
			"from": [3, 13, 15],
			"to": [4, 16, 16],
			"faces": {
				"north": {"uv": [12, 0, 13, 3], "texture": "#texture"},
				"east": {"uv": [12, 0, 13, 3], "texture": "#texture"},
				"south": {"uv": [12, 0, 13, 3], "texture": "#texture"},
				"west": {"uv": [12, 0, 13, 3], "texture": "#texture"},
				"up": {"uv": [12, 0, 13, 1], "texture": "#texture"},
				"down": {"uv": [12, 2, 13, 3], "texture": "#texture"}
			}
		},
		{
			"from": [0, 14, 15],
			"to": [1, 16, 16],
			"faces": {
				"north": {"uv": [15, 0, 16, 2], "texture": "#texture"},
				"east": {"uv": [15, 0, 16, 2], "texture": "#texture"},
				"south": {"uv": [15, 0, 16, 2], "texture": "#texture"},
				"west": {"uv": [15, 0, 16, 2], "texture": "#texture"},
				"up": {"uv": [15, 0, 16, 1], "texture": "#texture"},
				"down": {"uv": [15, 1, 16, 2], "texture": "#texture"}
			}
		},
		{
			"from": [15, 10, 15],
			"to": [16, 12, 16],
			"faces": {
				"north": {"uv": [0, 4, 1, 6], "texture": "#texture"},
				"east": {"uv": [0, 4, 1, 6], "texture": "#texture"},
				"south": {"uv": [0, 4, 1, 6], "texture": "#texture"},
				"west": {"uv": [0, 4, 1, 6], "texture": "#texture"},
				"up": {"uv": [0, 4, 1, 5], "texture": "#texture"},
				"down": {"uv": [0, 5, 1, 6], "texture": "#texture"}
			}
		},
		{
			"from": [12, 9, 15],
			"to": [13, 12, 16],
			"faces": {
				"north": {"uv": [3, 4, 4, 7], "texture": "#texture"},
				"east": {"uv": [3, 4, 4, 7], "texture": "#texture"},
				"south": {"uv": [3, 4, 4, 7], "texture": "#texture"},
				"west": {"uv": [3, 4, 4, 7], "texture": "#texture"},
				"up": {"uv": [3, 4, 4, 5], "texture": "#texture"},
				"down": {"uv": [3, 6, 4, 7], "texture": "#texture"}
			}
		},
		{
			"from": [9, 10, 15],
			"to": [12, 12, 16],
			"faces": {
				"north": {"uv": [4, 4, 7, 6], "texture": "#texture"},
				"east": {"uv": [4, 4, 5, 6], "texture": "#texture"},
				"south": {"uv": [7, 4, 4, 6], "texture": "#texture"},
				"west": {"uv": [6, 4, 7, 6], "texture": "#texture"},
				"up": {"uv": [7, 4, 4, 5], "texture": "#texture"},
				"down": {"uv": [7, 5, 4, 6], "texture": "#texture"}
			}
		},
		{
			"from": [4, 10, 15],
			"to": [7, 12, 16],
			"faces": {
				"north": {"uv": [9, 4, 12, 6], "texture": "#texture"},
				"east": {"uv": [9, 4, 10, 6], "texture": "#texture"},
				"south": {"uv": [12, 4, 9, 6], "texture": "#texture"},
				"west": {"uv": [11, 4, 12, 6], "texture": "#texture"},
				"up": {"uv": [12, 4, 9, 5], "texture": "#texture"},
				"down": {"uv": [12, 5, 9, 6], "texture": "#texture"}
			}
		},
		{
			"from": [3, 9, 15],
			"to": [4, 12, 16],
			"faces": {
				"north": {"uv": [12, 4, 13, 7], "texture": "#texture"},
				"east": {"uv": [12, 4, 13, 7], "texture": "#texture"},
				"south": {"uv": [12, 4, 13, 7], "texture": "#texture"},
				"west": {"uv": [12, 4, 13, 7], "texture": "#texture"},
				"up": {"uv": [12, 4, 13, 5], "texture": "#texture"},
				"down": {"uv": [12, 6, 13, 7], "texture": "#texture"}
			}
		},
		{
			"from": [0, 10, 15],
			"to": [1, 12, 16],
			"faces": {
				"north": {"uv": [15, 4, 16, 6], "texture": "#texture"},
				"east": {"uv": [15, 4, 16, 6], "texture": "#texture"},
				"south": {"uv": [15, 4, 16, 6], "texture": "#texture"},
				"west": {"uv": [15, 4, 16, 6], "texture": "#texture"},
				"up": {"uv": [15, 4, 16, 5], "texture": "#texture"},
				"down": {"uv": [15, 5, 16, 6], "texture": "#texture"}
			}
		},
		{
			"from": [15, 6, 15],
			"to": [16, 8, 16],
			"faces": {
				"north": {"uv": [0, 8, 1, 10], "texture": "#texture"},
				"east": {"uv": [0, 8, 1, 10], "texture": "#texture"},
				"south": {"uv": [0, 8, 1, 10], "texture": "#texture"},
				"west": {"uv": [0, 8, 1, 10], "texture": "#texture"},
				"up": {"uv": [0, 8, 1, 9], "texture": "#texture"},
				"down": {"uv": [0, 9, 1, 10], "texture": "#texture"}
			}
		},
		{
			"from": [12, 5, 15],
			"to": [13, 8, 16],
			"faces": {
				"north": {"uv": [3, 8, 4, 11], "texture": "#texture"},
				"east": {"uv": [3, 8, 4, 11], "texture": "#texture"},
				"south": {"uv": [3, 8, 4, 11], "texture": "#texture"},
				"west": {"uv": [3, 8, 4, 11], "texture": "#texture"},
				"up": {"uv": [3, 8, 4, 9], "texture": "#texture"},
				"down": {"uv": [3, 10, 4, 11], "texture": "#texture"}
			}
		},
		{
			"from": [9, 6, 15],
			"to": [12, 8, 16],
			"faces": {
				"north": {"uv": [4, 8, 7, 10], "texture": "#texture"},
				"east": {"uv": [4, 8, 5, 10], "texture": "#texture"},
				"south": {"uv": [7, 8, 4, 10], "texture": "#texture"},
				"west": {"uv": [6, 8, 7, 10], "texture": "#texture"},
				"up": {"uv": [7, 8, 4, 9], "texture": "#texture"},
				"down": {"uv": [7, 9, 4, 10], "texture": "#texture"}
			}
		},
		{
			"from": [4, 6, 15],
			"to": [7, 8, 16],
			"faces": {
				"north": {"uv": [9, 8, 12, 10], "texture": "#texture"},
				"east": {"uv": [9, 8, 10, 10], "texture": "#texture"},
				"south": {"uv": [12, 8, 9, 10], "texture": "#texture"},
				"west": {"uv": [11, 8, 12, 10], "texture": "#texture"},
				"up": {"uv": [12, 8, 9, 9], "texture": "#texture"},
				"down": {"uv": [12, 9, 9, 10], "texture": "#texture"}
			}
		},
		{
			"from": [3, 5, 15],
			"to": [4, 8, 16],
			"faces": {
				"north": {"uv": [12, 8, 13, 11], "texture": "#texture"},
				"east": {"uv": [12, 8, 13, 11], "texture": "#texture"},
				"south": {"uv": [12, 8, 13, 11], "texture": "#texture"},
				"west": {"uv": [12, 8, 13, 11], "texture": "#texture"},
				"up": {"uv": [12, 8, 13, 9], "texture": "#texture"},
				"down": {"uv": [12, 10, 13, 11], "texture": "#texture"}
			}
		},
		{
			"from": [0, 6, 15],
			"to": [1, 8, 16],
			"faces": {
				"north": {"uv": [15, 8, 16, 10], "texture": "#texture"},
				"east": {"uv": [15, 8, 16, 10], "texture": "#texture"},
				"south": {"uv": [15, 8, 16, 10], "texture": "#texture"},
				"west": {"uv": [15, 8, 16, 10], "texture": "#texture"},
				"up": {"uv": [15, 8, 16, 9], "texture": "#texture"},
				"down": {"uv": [15, 9, 16, 10], "texture": "#texture"}
			}
		},
		{
			"from": [15, 2, 15],
			"to": [16, 4, 16],
			"faces": {
				"north": {"uv": [0, 12, 1, 14], "texture": "#texture"},
				"east": {"uv": [0, 12, 1, 14], "texture": "#texture"},
				"south": {"uv": [0, 12, 1, 14], "texture": "#texture"},
				"west": {"uv": [0, 12, 1, 14], "texture": "#texture"},
				"up": {"uv": [0, 12, 1, 13], "texture": "#texture"},
				"down": {"uv": [0, 13, 1, 14], "texture": "#texture"}
			}
		},
		{
			"from": [12, 1, 15],
			"to": [13, 4, 16],
			"faces": {
				"north": {"uv": [3, 12, 4, 15], "texture": "#texture"},
				"east": {"uv": [3, 12, 4, 15], "texture": "#texture"},
				"south": {"uv": [3, 12, 4, 15], "texture": "#texture"},
				"west": {"uv": [3, 12, 4, 15], "texture": "#texture"},
				"up": {"uv": [3, 12, 4, 13], "texture": "#texture"},
				"down": {"uv": [3, 14, 4, 15], "texture": "#texture"}
			}
		},
		{
			"from": [9, 2, 15],
			"to": [12, 4, 16],
			"faces": {
				"north": {"uv": [4, 12, 7, 14], "texture": "#texture"},
				"east": {"uv": [4, 12, 5, 14], "texture": "#texture"},
				"south": {"uv": [7, 12, 4, 14], "texture": "#texture"},
				"west": {"uv": [6, 12, 7, 14], "texture": "#texture"},
				"up": {"uv": [7, 12, 4, 13], "texture": "#texture"},
				"down": {"uv": [7, 13, 4, 14], "texture": "#texture"}
			}
		},
		{
			"from": [4, 2, 15],
			"to": [7, 4, 16],
			"faces": {
				"north": {"uv": [9, 12, 12, 14], "texture": "#texture"},
				"east": {"uv": [9, 12, 10, 14], "texture": "#texture"},
				"south": {"uv": [12, 12, 9, 14], "texture": "#texture"},
				"west": {"uv": [11, 12, 12, 14], "texture": "#texture"},
				"up": {"uv": [12, 12, 9, 13], "texture": "#texture"},
				"down": {"uv": [12, 13, 9, 14], "texture": "#texture"}
			}
		},
		{
			"from": [3, 1, 15],
			"to": [4, 4, 16],
			"faces": {
				"north": {"uv": [12, 12, 13, 15], "texture": "#texture"},
				"east": {"uv": [12, 12, 13, 15], "texture": "#texture"},
				"south": {"uv": [12, 12, 13, 15], "texture": "#texture"},
				"west": {"uv": [12, 12, 13, 15], "texture": "#texture"},
				"up": {"uv": [12, 12, 13, 13], "texture": "#texture"},
				"down": {"uv": [12, 14, 13, 15], "texture": "#texture"}
			}
		},
		{
			"from": [0, 2, 15],
			"to": [1, 4, 16],
			"faces": {
				"north": {"uv": [15, 12, 16, 14], "texture": "#texture"},
				"east": {"uv": [15, 12, 16, 14], "texture": "#texture"},
				"south": {"uv": [15, 12, 16, 14], "texture": "#texture"},
				"west": {"uv": [15, 12, 16, 14], "texture": "#texture"},
				"up": {"uv": [15, 12, 16, 13], "texture": "#texture"},
				"down": {"uv": [15, 13, 16, 14], "texture": "#texture"}
			}
		}
	],
	"groups": [
		{
			"name": "poles",
			"origin": [8, 8, 8],
			"color": 0,
			"children": [0, 1, 2]
		},
		{
			"name": "rung-t",
			"origin": [8, 8, 8],
			"color": 0,
			"children": [3, 4, 5, 6, 7, 8]
		},
		{
			"name": "rung-tm",
			"origin": [8, 8, 8],
			"color": 0,
			"children": [9, 10, 11, 12, 13, 14]
		},
		{
			"name": "rung-bm",
			"origin": [8, 8, 8],
			"color": 0,
			"children": [15, 16, 17, 18, 19, 20]
		},
		{
			"name": "rung-b",
			"origin": [8, 8, 8],
			"color": 0,
			"children": [21, 22, 23, 24, 25, 26]
		}
	]
}