{
	"credit": "Made with Blockbench",
	"parent": "block/ladder",
	"ambientocclusion": false,
	"textures": {
		"particle": "atmospheric:block/yucca_ladder",
		"texture": "atmospheric:block/yucca_ladder"
	},
	"elements": [
		{
			"from": [2, 13, 15],
			"to": [4, 15, 16],
			"faces": {
				"north": {"uv": [12, 1, 14, 3], "texture": "#texture"},
				"east": {"uv": [12, 1, 13, 3], "texture": "#texture"},
				"south": {"uv": [14, 1, 12, 3], "texture": "#texture"},
				"west": {"uv": [13, 1, 14, 3], "texture": "#texture"},
				"up": {"uv": [14, 1, 12, 2], "texture": "#texture"},
				"down": {"uv": [14, 2, 12, 3], "texture": "#texture"}
			}
		},
		{
			"from": [2, 9, 15],
			"to": [4, 11, 16],
			"faces": {
				"north": {"uv": [12, 5, 14, 7], "texture": "#texture"},
				"east": {"uv": [12, 5, 13, 7], "texture": "#texture"},
				"south": {"uv": [14, 5, 12, 7], "texture": "#texture"},
				"west": {"uv": [13, 5, 14, 7], "texture": "#texture"},
				"up": {"uv": [14, 5, 12, 6], "texture": "#texture"},
				"down": {"uv": [14, 6, 12, 7], "texture": "#texture"}
			}
		},
		{
			"from": [2, 5, 15],
			"to": [4, 7, 16],
			"faces": {
				"north": {"uv": [12, 9, 14, 11], "texture": "#texture"},
				"east": {"uv": [12, 9, 13, 11], "texture": "#texture"},
				"south": {"uv": [14, 9, 12, 11], "texture": "#texture"},
				"west": {"uv": [13, 9, 14, 11], "texture": "#texture"},
				"up": {"uv": [14, 9, 12, 10], "texture": "#texture"},
				"down": {"uv": [14, 10, 12, 11], "texture": "#texture"}
			}
		},
		{
			"from": [2, 1, 15],
			"to": [4, 3, 16],
			"faces": {
				"north": {"uv": [12, 13, 14, 15], "texture": "#texture"},
				"east": {"uv": [12, 13, 13, 15], "texture": "#texture"},
				"south": {"uv": [14, 13, 12, 15], "texture": "#texture"},
				"west": {"uv": [13, 13, 14, 15], "texture": "#texture"},
				"up": {"uv": [14, 13, 12, 14], "texture": "#texture"},
				"down": {"uv": [14, 14, 12, 15], "texture": "#texture"}
			}
		},
		{
			"from": [12, 13, 15],
			"to": [14, 15, 16],
			"faces": {
				"north": {"uv": [2, 1, 4, 3], "texture": "#texture"},
				"east": {"uv": [2, 1, 3, 3], "texture": "#texture"},
				"south": {"uv": [4, 1, 2, 3], "texture": "#texture"},
				"west": {"uv": [3, 1, 4, 3], "texture": "#texture"},
				"up": {"uv": [4, 1, 2, 2], "texture": "#texture"},
				"down": {"uv": [4, 2, 2, 3], "texture": "#texture"}
			}
		},
		{
			"from": [12, 9, 15],
			"to": [14, 11, 16],
			"faces": {
				"north": {"uv": [2, 5, 4, 7], "texture": "#texture"},
				"east": {"uv": [2, 5, 3, 7], "texture": "#texture"},
				"south": {"uv": [4, 5, 2, 7], "texture": "#texture"},
				"west": {"uv": [3, 5, 4, 7], "texture": "#texture"},
				"up": {"uv": [4, 5, 2, 6], "texture": "#texture"},
				"down": {"uv": [4, 6, 2, 7], "texture": "#texture"}
			}
		},
		{
			"from": [12, 5, 15],
			"to": [14, 7, 16],
			"faces": {
				"north": {"uv": [2, 9, 4, 11], "texture": "#texture"},
				"east": {"uv": [2, 9, 3, 11], "texture": "#texture"},
				"south": {"uv": [4, 9, 2, 11], "texture": "#texture"},
				"west": {"uv": [3, 9, 4, 11], "texture": "#texture"},
				"up": {"uv": [4, 9, 2, 10], "texture": "#texture"},
				"down": {"uv": [4, 10, 2, 11], "texture": "#texture"}
			}
		},
		{
			"from": [12, 1, 15],
			"to": [14, 3, 16],
			"faces": {
				"north": {"uv": [2, 13, 4, 15], "texture": "#texture"},
				"east": {"uv": [2, 13, 3, 15], "texture": "#texture"},
				"south": {"uv": [4, 13, 2, 15], "texture": "#texture"},
				"west": {"uv": [3, 13, 4, 15], "texture": "#texture"},
				"up": {"uv": [4, 13, 2, 14], "texture": "#texture"},
				"down": {"uv": [4, 14, 2, 15], "texture": "#texture"}
			}
		},
		{
			"from": [6, 0, 15],
			"to": [7, 16, 16],
			"faces": {
				"north": {"uv": [9, 0, 10, 16], "texture": "#texture"},
				"east": {"uv": [9, 0, 10, 16], "texture": "#texture"},
				"south": {"uv": [9, 0, 10, 16], "texture": "#texture"},
				"west": {"uv": [9, 0, 10, 16], "texture": "#texture"},
				"up": {"uv": [9, 0, 10, 1], "texture": "#texture"},
				"down": {"uv": [9, 15, 10, 16], "texture": "#texture"}
			}
		},
		{
			"from": [9, 0, 15],
			"to": [10, 16, 16],
			"faces": {
				"north": {"uv": [6, 0, 7, 16], "texture": "#texture"},
				"east": {"uv": [6, 0, 7, 16], "texture": "#texture"},
				"south": {"uv": [6, 0, 7, 16], "texture": "#texture"},
				"west": {"uv": [6, 0, 7, 16], "texture": "#texture"},
				"up": {"uv": [6, 0, 7, 1], "texture": "#texture"},
				"down": {"uv": [6, 15, 7, 16], "texture": "#texture"}
			}
		},
		{
			"from": [1, 15, 15],
			"to": [6, 16, 16],
			"faces": {
				"north": {"uv": [10, 0, 15, 1], "texture": "#texture"},
				"east": {"uv": [10, 0, 11, 1], "texture": "#texture"},
				"south": {"uv": [15, 0, 10, 1], "texture": "#texture"},
				"west": {"uv": [14, 0, 15, 1], "texture": "#texture"},
				"up": {"uv": [15, 0, 10, 1], "texture": "#texture"},
				"down": {"uv": [15, 0, 10, 1], "texture": "#texture"}
			}
		},
		{
			"from": [1, 11, 15],
			"to": [6, 13, 16],
			"faces": {
				"north": {"uv": [10, 3, 15, 5], "texture": "#texture"},
				"east": {"uv": [10, 3, 11, 5], "texture": "#texture"},
				"south": {"uv": [15, 3, 10, 5], "texture": "#texture"},
				"west": {"uv": [14, 3, 15, 5], "texture": "#texture"},
				"up": {"uv": [15, 3, 10, 4], "texture": "#texture"},
				"down": {"uv": [15, 4, 10, 5], "texture": "#texture"}
			}
		},
		{
			"from": [1, 7, 15],
			"to": [6, 9, 16],
			"faces": {
				"north": {"uv": [10, 7, 15, 9], "texture": "#texture"},
				"east": {"uv": [10, 7, 11, 9], "texture": "#texture"},
				"south": {"uv": [15, 7, 10, 9], "texture": "#texture"},
				"west": {"uv": [14, 7, 15, 9], "texture": "#texture"},
				"up": {"uv": [15, 7, 10, 8], "texture": "#texture"},
				"down": {"uv": [15, 8, 10, 9], "texture": "#texture"}
			}
		},
		{
			"from": [1, 3, 15],
			"to": [6, 5, 16],
			"faces": {
				"north": {"uv": [10, 11, 15, 13], "texture": "#texture"},
				"east": {"uv": [10, 11, 11, 13], "texture": "#texture"},
				"south": {"uv": [15, 11, 10, 13], "texture": "#texture"},
				"west": {"uv": [14, 11, 15, 13], "texture": "#texture"},
				"up": {"uv": [15, 11, 10, 12], "texture": "#texture"},
				"down": {"uv": [15, 12, 10, 13], "texture": "#texture"}
			}
		},
		{
			"from": [1, 0, 15],
			"to": [6, 1, 16],
			"faces": {
				"north": {"uv": [10, 15, 15, 16], "texture": "#texture"},
				"east": {"uv": [10, 15, 11, 16], "texture": "#texture"},
				"south": {"uv": [15, 15, 10, 16], "texture": "#texture"},
				"west": {"uv": [14, 15, 15, 16], "texture": "#texture"},
				"up": {"uv": [15, 15, 10, 16], "texture": "#texture"},
				"down": {"uv": [15, 15, 10, 16], "texture": "#texture"}
			}
		},
		{
			"from": [7, 12, 15],
			"to": [9, 14, 16],
			"faces": {
				"north": {"uv": [7, 2, 9, 4], "texture": "#texture"},
				"east": {"uv": [7, 2, 8, 4], "texture": "#texture"},
				"south": {"uv": [9, 2, 7, 4], "texture": "#texture"},
				"west": {"uv": [8, 2, 9, 4], "texture": "#texture"},
				"up": {"uv": [9, 2, 7, 3], "texture": "#texture"},
				"down": {"uv": [9, 3, 7, 4], "texture": "#texture"}
			}
		},
		{
			"from": [7, 8, 15],
			"to": [9, 10, 16],
			"faces": {
				"north": {"uv": [7, 6, 9, 8], "texture": "#texture"},
				"east": {"uv": [7, 6, 8, 8], "texture": "#texture"},
				"south": {"uv": [9, 6, 7, 8], "texture": "#texture"},
				"west": {"uv": [8, 6, 9, 8], "texture": "#texture"},
				"up": {"uv": [9, 6, 7, 7], "texture": "#texture"},
				"down": {"uv": [9, 7, 7, 8], "texture": "#texture"}
			}
		},
		{
			"from": [7, 4, 15],
			"to": [9, 6, 16],
			"faces": {
				"north": {"uv": [7, 10, 9, 12], "texture": "#texture"},
				"east": {"uv": [7, 10, 8, 12], "texture": "#texture"},
				"south": {"uv": [9, 10, 7, 12], "texture": "#texture"},
				"west": {"uv": [8, 10, 9, 12], "texture": "#texture"},
				"up": {"uv": [9, 10, 7, 11], "texture": "#texture"},
				"down": {"uv": [9, 11, 7, 12], "texture": "#texture"}
			}
		},
		{
			"from": [7, 0, 15],
			"to": [9, 2, 16],
			"faces": {
				"north": {"uv": [7, 14, 9, 16], "texture": "#texture"},
				"east": {"uv": [7, 14, 8, 16], "texture": "#texture"},
				"south": {"uv": [9, 14, 7, 16], "texture": "#texture"},
				"west": {"uv": [8, 14, 9, 16], "texture": "#texture"},
				"up": {"uv": [9, 14, 7, 15], "texture": "#texture"},
				"down": {"uv": [9, 15, 7, 16], "texture": "#texture"}
			}
		},
		{
			"from": [10, 15, 15],
			"to": [15, 16, 16],
			"faces": {
				"north": {"uv": [1, 0, 6, 1], "texture": "#texture"},
				"east": {"uv": [1, 0, 2, 1], "texture": "#texture"},
				"south": {"uv": [6, 0, 1, 1], "texture": "#texture"},
				"west": {"uv": [5, 0, 6, 1], "texture": "#texture"},
				"up": {"uv": [6, 0, 1, 1], "texture": "#texture"},
				"down": {"uv": [6, 0, 1, 1], "texture": "#texture"}
			}
		},
		{
			"from": [10, 11, 15],
			"to": [15, 13, 16],
			"faces": {
				"north": {"uv": [1, 3, 6, 5], "texture": "#texture"},
				"east": {"uv": [1, 3, 2, 5], "texture": "#texture"},
				"south": {"uv": [6, 3, 1, 5], "texture": "#texture"},
				"west": {"uv": [5, 3, 6, 5], "texture": "#texture"},
				"up": {"uv": [6, 3, 1, 4], "texture": "#texture"},
				"down": {"uv": [6, 4, 1, 5], "texture": "#texture"}
			}
		},
		{
			"from": [10, 7, 15],
			"to": [15, 9, 16],
			"faces": {
				"north": {"uv": [1, 7, 6, 9], "texture": "#texture"},
				"east": {"uv": [1, 7, 2, 9], "texture": "#texture"},
				"south": {"uv": [6, 7, 1, 9], "texture": "#texture"},
				"west": {"uv": [5, 7, 6, 9], "texture": "#texture"},
				"up": {"uv": [6, 7, 1, 8], "texture": "#texture"},
				"down": {"uv": [6, 8, 1, 9], "texture": "#texture"}
			}
		},
		{
			"from": [10, 3, 15],
			"to": [15, 5, 16],
			"faces": {
				"north": {"uv": [1, 11, 6, 13], "texture": "#texture"},
				"east": {"uv": [1, 11, 2, 13], "texture": "#texture"},
				"south": {"uv": [6, 11, 1, 13], "texture": "#texture"},
				"west": {"uv": [5, 11, 6, 13], "texture": "#texture"},
				"up": {"uv": [6, 11, 1, 12], "texture": "#texture"},
				"down": {"uv": [6, 12, 1, 13], "texture": "#texture"}
			}
		},
		{
			"from": [10, 0, 15],
			"to": [15, 1, 16],
			"faces": {
				"north": {"uv": [1, 15, 6, 16], "texture": "#texture"},
				"east": {"uv": [1, 15, 2, 16], "texture": "#texture"},
				"south": {"uv": [6, 15, 1, 16], "texture": "#texture"},
				"west": {"uv": [5, 15, 6, 16], "texture": "#texture"},
				"up": {"uv": [6, 15, 1, 16], "texture": "#texture"},
				"down": {"uv": [6, 15, 1, 16], "texture": "#texture"}
			}
		}
	],
	"groups": [
		{
			"name": "pole-r",
			"origin": [8, 8, 8],
			"color": 0,
			"children": [0, 1, 2, 3]
		},
		{
			"name": "pole-l",
			"origin": [8, 8, 8],
			"color": 0,
			"children": [4, 5, 6, 7]
		},
		{
			"name": "poles-m",
			"origin": [8, 8, 8],
			"color": 0,
			"children": [8, 9]
		},
		{
			"name": "rungs-r",
			"origin": [8, 8, 8],
			"color": 0,
			"children": [10, 11, 12, 13, 14]
		},
		{
			"name": "rungs-m",
			"origin": [8, 8, 8],
			"color": 0,
			"children": [15, 16, 17, 18]
		},
		{
			"name": "rungs-l",
			"origin": [8, 8, 8],
			"color": 0,
			"children": [19, 20, 21, 22, 23]
		}
	]
}