{
	"credit": "Made with Blockbench",
	"ambientocclusion": false,
	"textures": {
		"particle": "autumnity:block/maple_ladder",
		"texture": "autumnity:block/maple_ladder"
	},
	"elements": [
		{
			"from": [0, 0, 16],
			"to": [16, 16, 16],
			"shade": false,
			"faces": {
				"north": {"uv": [0, 0, 16, 16], "texture": "#texture"},
				"south": {"uv": [0, 0, 16, 16], "texture": "#texture"}
			}
		},
		{
			"from": [1, 13, 15],
			"to": [15, 14, 16],
			"faces": {
				"north": {"uv": [1, 2, 15, 3], "texture": "#texture"},
				"east": {"uv": [1, 2, 2, 3], "texture": "#texture"},
				"south": {"uv": [15, 2, 1, 3], "texture": "#texture"},
				"west": {"uv": [14, 2, 15, 3], "texture": "#texture"},
				"up": {"uv": [15, 2, 1, 3], "texture": "#texture"},
				"down": {"uv": [15, 2, 1, 3], "texture": "#texture"}
			}
		},
		{
			"from": [1, 9, 15],
			"to": [15, 10, 16],
			"faces": {
				"north": {"uv": [1, 6, 15, 7], "texture": "#texture"},
				"east": {"uv": [1, 6, 2, 7], "texture": "#texture"},
				"south": {"uv": [15, 6, 1, 7], "texture": "#texture"},
				"west": {"uv": [14, 6, 15, 7], "texture": "#texture"},
				"up": {"uv": [15, 6, 1, 7], "texture": "#texture"},
				"down": {"uv": [15, 6, 1, 7], "texture": "#texture"}
			}
		},
		{
			"from": [1, 5, 15],
			"to": [15, 6, 16],
			"faces": {
				"north": {"uv": [1, 10, 15, 11], "texture": "#texture"},
				"east": {"uv": [1, 10, 2, 11], "texture": "#texture"},
				"south": {"uv": [15, 10, 1, 11], "texture": "#texture"},
				"west": {"uv": [14, 10, 15, 11], "texture": "#texture"},
				"up": {"uv": [15, 10, 1, 11], "texture": "#texture"},
				"down": {"uv": [15, 10, 1, 11], "texture": "#texture"}
			}
		},
		{
			"from": [1, 1, 15],
			"to": [15, 2, 16],
			"faces": {
				"north": {"uv": [1, 14, 15, 15], "texture": "#texture"},
				"east": {"uv": [1, 14, 2, 15], "texture": "#texture"},
				"south": {"uv": [15, 14, 1, 15], "texture": "#texture"},
				"west": {"uv": [14, 14, 15, 15], "texture": "#texture"},
				"up": {"uv": [15, 14, 1, 15], "texture": "#texture"},
				"down": {"uv": [15, 14, 1, 15], "texture": "#texture"}
			}
		},
		{
			"from": [2, 14, 15],
			"to": [4, 16, 16],
			"faces": {
				"north": {"uv": [12, 0, 14, 2], "texture": "#texture"},
				"east": {"uv": [12, 0, 13, 2], "texture": "#texture"},
				"south": {"uv": [14, 0, 12, 2], "texture": "#texture"},
				"west": {"uv": [13, 0, 14, 2], "texture": "#texture"},
				"up": {"uv": [14, 0, 12, 1], "texture": "#texture"},
				"down": {"uv": [14, 1, 12, 2], "texture": "#texture"}
			}
		},
		{
			"from": [2, 10, 15],
			"to": [4, 13, 16],
			"faces": {
				"north": {"uv": [12, 3, 14, 6], "texture": "#texture"},
				"east": {"uv": [12, 3, 13, 6], "texture": "#texture"},
				"south": {"uv": [14, 3, 12, 6], "texture": "#texture"},
				"west": {"uv": [13, 3, 14, 6], "texture": "#texture"},
				"up": {"uv": [14, 3, 12, 4], "texture": "#texture"},
				"down": {"uv": [14, 5, 12, 6], "texture": "#texture"}
			}
		},
		{
			"from": [2, 6, 15],
			"to": [4, 9, 16],
			"faces": {
				"north": {"uv": [12, 7, 14, 10], "texture": "#texture"},
				"east": {"uv": [12, 7, 13, 10], "texture": "#texture"},
				"south": {"uv": [14, 7, 12, 10], "texture": "#texture"},
				"west": {"uv": [13, 7, 14, 10], "texture": "#texture"},
				"up": {"uv": [14, 7, 12, 8], "texture": "#texture"},
				"down": {"uv": [14, 9, 12, 10], "texture": "#texture"}
			}
		},
		{
			"from": [2, 2, 15],
			"to": [4, 5, 16],
			"faces": {
				"north": {"uv": [12, 11, 14, 14], "texture": "#texture"},
				"east": {"uv": [12, 11, 13, 14], "texture": "#texture"},
				"south": {"uv": [14, 11, 12, 14], "texture": "#texture"},
				"west": {"uv": [13, 11, 14, 14], "texture": "#texture"},
				"up": {"uv": [14, 11, 12, 12], "texture": "#texture"},
				"down": {"uv": [14, 13, 12, 14], "texture": "#texture"}
			}
		},
		{
			"from": [2, 0, 15],
			"to": [4, 1, 16],
			"faces": {
				"north": {"uv": [12, 15, 14, 16], "texture": "#texture"},
				"east": {"uv": [12, 15, 13, 16], "texture": "#texture"},
				"south": {"uv": [14, 15, 12, 16], "texture": "#texture"},
				"west": {"uv": [13, 15, 14, 16], "texture": "#texture"},
				"up": {"uv": [14, 15, 12, 16], "texture": "#texture"},
				"down": {"uv": [14, 15, 12, 16], "texture": "#texture"}
			}
		},
		{
			"from": [12, 14, 15],
			"to": [14, 16, 16],
			"faces": {
				"north": {"uv": [2, 0, 4, 2], "texture": "#texture"},
				"east": {"uv": [2, 0, 3, 2], "texture": "#texture"},
				"south": {"uv": [4, 0, 2, 2], "texture": "#texture"},
				"west": {"uv": [3, 0, 4, 2], "texture": "#texture"},
				"up": {"uv": [4, 0, 2, 1], "texture": "#texture"},
				"down": {"uv": [4, 1, 2, 2], "texture": "#texture"}
			}
		},
		{
			"from": [12, 10, 15],
			"to": [14, 13, 16],
			"faces": {
				"north": {"uv": [2, 3, 4, 6], "texture": "#texture"},
				"east": {"uv": [2, 3, 3, 6], "texture": "#texture"},
				"south": {"uv": [4, 3, 2, 6], "texture": "#texture"},
				"west": {"uv": [3, 3, 4, 6], "texture": "#texture"},
				"up": {"uv": [4, 3, 2, 4], "texture": "#texture"},
				"down": {"uv": [4, 5, 2, 6], "texture": "#texture"}
			}
		},
		{
			"from": [12, 6, 15],
			"to": [14, 9, 16],
			"faces": {
				"north": {"uv": [2, 7, 4, 10], "texture": "#texture"},
				"east": {"uv": [2, 7, 3, 10], "texture": "#texture"},
				"south": {"uv": [4, 7, 2, 10], "texture": "#texture"},
				"west": {"uv": [3, 7, 4, 10], "texture": "#texture"},
				"up": {"uv": [4, 7, 2, 8], "texture": "#texture"},
				"down": {"uv": [4, 9, 2, 10], "texture": "#texture"}
			}
		},
		{
			"from": [12, 2, 15],
			"to": [14, 5, 16],
			"faces": {
				"north": {"uv": [2, 11, 4, 14], "texture": "#texture"},
				"east": {"uv": [2, 11, 3, 14], "texture": "#texture"},
				"south": {"uv": [4, 11, 2, 14], "texture": "#texture"},
				"west": {"uv": [3, 11, 4, 14], "texture": "#texture"},
				"up": {"uv": [4, 11, 2, 12], "texture": "#texture"},
				"down": {"uv": [4, 13, 2, 14], "texture": "#texture"}
			}
		},
		{
			"from": [12, 0, 15],
			"to": [14, 1, 16],
			"faces": {
				"north": {"uv": [2, 15, 4, 16], "texture": "#texture"},
				"east": {"uv": [2, 15, 3, 16], "texture": "#texture"},
				"south": {"uv": [4, 15, 2, 16], "texture": "#texture"},
				"west": {"uv": [3, 15, 4, 16], "texture": "#texture"},
				"up": {"uv": [4, 15, 2, 16], "texture": "#texture"},
				"down": {"uv": [4, 15, 2, 16], "texture": "#texture"}
			}
		}
	],
	"groups": [
		0,
		{
			"name": "rungs",
			"origin": [8, 8, 8],
			"color": 0,
			"children": [1, 2, 3, 4]
		},
		{
			"name": "pole-r",
			"origin": [8, 8, 8],
			"color": 0,
			"children": [5, 6, 7, 8, 9]
		},
		{
			"name": "pole-l",
			"origin": [8, 8, 8],
			"color": 0,
			"children": [10, 11, 12, 13, 14]
		}
	]
}