{
	"credit": "Made with Blockbench",
	"ambientocclusion": false,
	"textures": {
		"particle": "environmental:block/cherry_ladder",
		"texture": "environmental:block/cherry_ladder"
	},
	"elements": [
		{
			"from": [3, 13, 15],
			"to": [5, 15, 16],
			"faces": {
				"north": {"uv": [11, 1, 13, 3], "texture": "#texture"},
				"east": {"uv": [11, 1, 12, 3], "texture": "#texture"},
				"south": {"uv": [13, 1, 11, 3], "texture": "#texture"},
				"west": {"uv": [12, 1, 13, 3], "texture": "#texture"},
				"up": {"uv": [13, 1, 11, 2], "texture": "#texture"},
				"down": {"uv": [13, 2, 11, 3], "texture": "#texture"}
			}
		},
		{
			"from": [7, 13, 15],
			"to": [9, 15, 16],
			"faces": {
				"north": {"uv": [7, 1, 9, 3], "texture": "#texture"},
				"east": {"uv": [7, 1, 8, 3], "texture": "#texture"},
				"south": {"uv": [9, 1, 7, 3], "texture": "#texture"},
				"west": {"uv": [8, 1, 9, 3], "texture": "#texture"},
				"up": {"uv": [9, 1, 7, 2], "texture": "#texture"},
				"down": {"uv": [9, 2, 7, 3], "texture": "#texture"}
			}
		},
		{
			"from": [11, 13, 15],
			"to": [13, 15, 16],
			"faces": {
				"north": {"uv": [3, 1, 5, 3], "texture": "#texture"},
				"east": {"uv": [3, 1, 4, 3], "texture": "#texture"},
				"south": {"uv": [5, 1, 3, 3], "texture": "#texture"},
				"west": {"uv": [4, 1, 5, 3], "texture": "#texture"},
				"up": {"uv": [5, 1, 3, 2], "texture": "#texture"},
				"down": {"uv": [5, 2, 3, 3], "texture": "#texture"}
			}
		},
		{
			"from": [3, 9, 15],
			"to": [5, 11, 16],
			"faces": {
				"north": {"uv": [11, 5, 13, 7], "texture": "#texture"},
				"east": {"uv": [0, 0, 1, 2], "texture": "#texture"},
				"south": {"uv": [13, 5, 11, 7], "texture": "#texture"},
				"west": {"uv": [0, 0, 1, 2], "texture": "#texture"},
				"up": {"uv": [13, 5, 11, 6], "texture": "#texture"},
				"down": {"uv": [13, 6, 11, 7], "texture": "#texture"}
			}
		},
		{
			"from": [7, 9, 15],
			"to": [9, 11, 16],
			"faces": {
				"north": {"uv": [7, 5, 9, 7], "texture": "#texture"},
				"east": {"uv": [0, 0, 1, 2], "texture": "#texture"},
				"south": {"uv": [9, 5, 7, 7], "texture": "#texture"},
				"west": {"uv": [0, 0, 1, 2], "texture": "#texture"},
				"up": {"uv": [9, 5, 7, 6], "texture": "#texture"},
				"down": {"uv": [9, 6, 7, 7], "texture": "#texture"}
			}
		},
		{
			"from": [11, 9, 15],
			"to": [13, 11, 16],
			"faces": {
				"north": {"uv": [3, 5, 5, 7], "texture": "#texture"},
				"east": {"uv": [0, 0, 1, 2], "texture": "#texture"},
				"south": {"uv": [5, 5, 3, 7], "texture": "#texture"},
				"west": {"uv": [0, 0, 1, 2], "texture": "#texture"},
				"up": {"uv": [5, 5, 3, 6], "texture": "#texture"},
				"down": {"uv": [5, 6, 3, 7], "texture": "#texture"}
			}
		},
		{
			"from": [3, 5, 15],
			"to": [5, 7, 16],
			"faces": {
				"north": {"uv": [11, 9, 13, 11], "texture": "#texture"},
				"east": {"uv": [0, 0, 1, 2], "texture": "#texture"},
				"south": {"uv": [13, 9, 11, 11], "texture": "#texture"},
				"west": {"uv": [0, 0, 1, 2], "texture": "#texture"},
				"up": {"uv": [13, 9, 11, 10], "texture": "#texture"},
				"down": {"uv": [13, 10, 11, 11], "texture": "#texture"}
			}
		},
		{
			"from": [7, 5, 15],
			"to": [9, 7, 16],
			"faces": {
				"north": {"uv": [7, 9, 9, 11], "texture": "#texture"},
				"east": {"uv": [0, 0, 1, 2], "texture": "#texture"},
				"south": {"uv": [9, 9, 7, 11], "texture": "#texture"},
				"west": {"uv": [0, 0, 1, 2], "texture": "#texture"},
				"up": {"uv": [9, 9, 7, 10], "texture": "#texture"},
				"down": {"uv": [9, 10, 7, 11], "texture": "#texture"}
			}
		},
		{
			"from": [11, 5, 15],
			"to": [13, 7, 16],
			"faces": {
				"north": {"uv": [3, 9, 5, 11], "texture": "#texture"},
				"east": {"uv": [0, 0, 1, 2], "texture": "#texture"},
				"south": {"uv": [5, 9, 3, 11], "texture": "#texture"},
				"west": {"uv": [0, 0, 1, 2], "texture": "#texture"},
				"up": {"uv": [5, 9, 3, 10], "texture": "#texture"},
				"down": {"uv": [5, 10, 3, 11], "texture": "#texture"}
			}
		},
		{
			"from": [3, 1, 15],
			"to": [5, 3, 16],
			"faces": {
				"north": {"uv": [11, 13, 13, 15], "texture": "#texture"},
				"east": {"uv": [0, 0, 1, 2], "texture": "#texture"},
				"south": {"uv": [13, 13, 11, 15], "texture": "#texture"},
				"west": {"uv": [0, 0, 1, 2], "texture": "#texture"},
				"up": {"uv": [13, 13, 11, 14], "texture": "#texture"},
				"down": {"uv": [13, 14, 11, 15], "texture": "#texture"}
			}
		},
		{
			"from": [7, 1, 15],
			"to": [9, 3, 16],
			"faces": {
				"north": {"uv": [7, 13, 9, 15], "texture": "#texture"},
				"east": {"uv": [0, 0, 1, 2], "texture": "#texture"},
				"south": {"uv": [9, 13, 7, 15], "texture": "#texture"},
				"west": {"uv": [0, 0, 1, 2], "texture": "#texture"},
				"up": {"uv": [9, 13, 7, 14], "texture": "#texture"},
				"down": {"uv": [9, 14, 7, 15], "texture": "#texture"}
			}
		},
		{
			"from": [11, 1, 15],
			"to": [13, 3, 16],
			"faces": {
				"north": {"uv": [3, 13, 5, 15], "texture": "#texture"},
				"east": {"uv": [0, 0, 1, 2], "texture": "#texture"},
				"south": {"uv": [5, 13, 3, 15], "texture": "#texture"},
				"west": {"uv": [0, 0, 1, 2], "texture": "#texture"},
				"up": {"uv": [5, 13, 3, 14], "texture": "#texture"},
				"down": {"uv": [5, 14, 3, 15], "texture": "#texture"}
			}
		},
		{
			"from": [1, 0, 15],
			"to": [3, 16, 16],
			"faces": {
				"north": {"uv": [13, 0, 15, 16], "texture": "#texture"},
				"east": {"uv": [13, 0, 14, 16], "texture": "#texture"},
				"south": {"uv": [15, 0, 13, 16], "texture": "#texture"},
				"west": {"uv": [14, 0, 15, 16], "texture": "#texture"},
				"up": {"uv": [15, 0, 13, 1], "texture": "#texture"},
				"down": {"uv": [15, 15, 13, 16], "texture": "#texture"}
			}
		},
		{
			"from": [13, 0, 15],
			"to": [15, 16, 16],
			"faces": {
				"north": {"uv": [1, 0, 3, 16], "texture": "#texture"},
				"east": {"uv": [1, 0, 2, 16], "texture": "#texture"},
				"south": {"uv": [3, 0, 1, 16], "texture": "#texture"},
				"west": {"uv": [2, 0, 3, 16], "texture": "#texture"},
				"up": {"uv": [3, 0, 1, 1], "texture": "#texture"},
				"down": {"uv": [3, 15, 1, 16], "texture": "#texture"}
			}
		},
		{
			"from": [9, 0, 15],
			"to": [11, 16, 16],
			"faces": {
				"north": {"uv": [5, 0, 7, 16], "texture": "#texture"},
				"east": {"uv": [5, 0, 6, 16], "texture": "#texture"},
				"south": {"uv": [7, 0, 5, 16], "texture": "#texture"},
				"west": {"uv": [6, 0, 7, 16], "texture": "#texture"},
				"up": {"uv": [7, 0, 5, 1], "texture": "#texture"},
				"down": {"uv": [7, 15, 5, 16], "texture": "#texture"}
			}
		},
		{
			"from": [5, 0, 15],
			"to": [7, 16, 16],
			"faces": {
				"north": {"uv": [9, 0, 11, 16], "texture": "#texture"},
				"east": {"uv": [9, 0, 10, 16], "texture": "#texture"},
				"south": {"uv": [11, 0, 9, 16], "texture": "#texture"},
				"west": {"uv": [10, 0, 11, 16], "texture": "#texture"},
				"up": {"uv": [11, 0, 9, 1], "texture": "#texture"},
				"down": {"uv": [11, 15, 9, 16], "texture": "#texture"}
			}
		}
	],
	"groups": [
		{
			"name": "rung-t",
			"origin": [8, 8, 8],
			"color": 0,
			"children": [0, 1, 2]
		},
		{
			"name": "rung-tm",
			"origin": [8, 8, 8],
			"color": 0,
			"children": [3, 4, 5]
		},
		{
			"name": "rung-bm",
			"origin": [8, 8, 8],
			"color": 0,
			"children": [6, 7, 8]
		},
		{
			"name": "rung-b",
			"origin": [8, 8, 8],
			"color": 0,
			"children": [9, 10, 11]
		},
		{
			"name": "poles",
			"origin": [0, 0, 0],
			"color": 0,
			"children": [12, 13, 14, 15]
		}
	]
}