{
	"credit": "Made with Blockbench",
	"ambientocclusion": false,
	"textures": {
		"particle": "environmental:block/willow_ladder",
		"texture": "environmental:block/willow_ladder"
	},
	"elements": [
		{
			"from": [2, 15, 15],
			"to": [4, 16, 16],
			"faces": {
				"north": {"uv": [12, 0, 14, 1], "texture": "#texture"},
				"east": {"uv": [0, 0, 1, 1], "texture": "#texture"},
				"south": {"uv": [14, 0, 12, 1], "texture": "#texture"},
				"west": {"uv": [13, 0, 14, 1], "texture": "#texture"},
				"up": {"uv": [14, 0, 12, 1], "texture": "#texture"},
				"down": {"uv": [12, 0, 14, 1], "texture": "#texture"}
			}
		},
		{
			"from": [1, 10, 15],
			"to": [4, 15, 16],
			"faces": {
				"north": {"uv": [12, 1, 15, 6], "texture": "#texture"},
				"east": {"uv": [0, 0, 1, 5], "texture": "#texture"},
				"south": {"uv": [15, 1, 12, 6], "texture": "#texture"},
				"west": {"uv": [14, 1, 15, 6], "texture": "#texture"},
				"up": {"uv": [15, 1, 12, 2], "texture": "#texture"},
				"down": {"uv": [15, 5, 12, 6], "texture": "#texture"}
			}
		},
		{
			"from": [3, 9, 15],
			"to": [4, 10, 16],
			"faces": {
				"north": {"uv": [12, 6, 13, 7], "texture": "#texture"},
				"east": {"uv": [0, 0, 1, 1], "texture": "#texture"},
				"south": {"uv": [12, 6, 13, 7], "texture": "#texture"},
				"west": {"uv": [12, 6, 13, 7], "texture": "#texture"},
				"up": {"uv": [0, 0, 1, 1], "texture": "#texture"},
				"down": {"uv": [0, 0, 1, 1], "texture": "#texture"}
			}
		},
		{
			"from": [2, 6, 15],
			"to": [4, 9, 16],
			"faces": {
				"north": {"uv": [12, 7, 14, 10], "texture": "#texture"},
				"east": {"uv": [0, 0, 1, 3], "texture": "#texture"},
				"south": {"uv": [14, 7, 12, 10], "texture": "#texture"},
				"west": {"uv": [13, 7, 14, 10], "texture": "#texture"},
				"up": {"uv": [14, 7, 12, 8], "texture": "#texture"},
				"down": {"uv": [12, 9, 14, 10], "texture": "#texture"}
			}
		},
		{
			"from": [3, 2, 15],
			"to": [4, 5, 16],
			"faces": {
				"north": {"uv": [12, 11, 13, 14], "texture": "#texture"},
				"east": {"uv": [0, 0, 1, 3], "texture": "#texture"},
				"south": {"uv": [12, 11, 13, 14], "texture": "#texture"},
				"west": {"uv": [12, 11, 13, 14], "texture": "#texture"},
				"up": {"uv": [12, 11, 13, 12], "texture": "#texture"},
				"down": {"uv": [0, 0, 1, 1], "texture": "#texture"}
			}
		},
		{
			"from": [2, 0, 15],
			"to": [4, 2, 16],
			"faces": {
				"north": {"uv": [12, 14, 14, 16], "texture": "#texture"},
				"east": {"uv": [0, 0, 1, 2], "texture": "#texture"},
				"south": {"uv": [14, 14, 12, 16], "texture": "#texture"},
				"west": {"uv": [13, 14, 14, 16], "texture": "#texture"},
				"up": {"uv": [12, 14, 14, 15], "texture": "#texture"},
				"down": {"uv": [14, 15, 12, 16], "texture": "#texture"}
			}
		},
		{
			"from": [12, 14, 15],
			"to": [14, 16, 16],
			"faces": {
				"north": {"uv": [2, 0, 4, 2], "texture": "#texture"},
				"east": {"uv": [3, 0, 2, 2], "texture": "#texture"},
				"south": {"uv": [4, 0, 2, 2], "texture": "#texture"},
				"west": {"uv": [0, 0, 1, 2], "texture": "#texture"},
				"up": {"uv": [4, 0, 2, 1], "texture": "#texture"},
				"down": {"uv": [4, 1, 2, 2], "texture": "#texture"}
			}
		},
		{
			"from": [12, 10, 15],
			"to": [13, 13, 16],
			"faces": {
				"north": {"uv": [3, 3, 4, 6], "texture": "#texture"},
				"east": {"uv": [3, 3, 4, 6], "texture": "#texture"},
				"south": {"uv": [3, 3, 4, 6], "texture": "#texture"},
				"west": {"uv": [0, 0, 1, 3], "texture": "#texture"},
				"up": {"uv": [3, 3, 4, 4], "texture": "#texture"},
				"down": {"uv": [0, 0, 1, 1], "texture": "#texture"}
			}
		},
		{
			"from": [12, 7, 15],
			"to": [14, 10, 16],
			"faces": {
				"north": {"uv": [2, 6, 4, 9], "texture": "#texture"},
				"east": {"uv": [2, 6, 3, 9], "texture": "#texture"},
				"south": {"uv": [2, 6, 4, 9], "texture": "#texture"},
				"west": {"uv": [0, 0, 1, 3], "texture": "#texture"},
				"up": {"uv": [4, 6, 2, 7], "texture": "#texture"},
				"down": {"uv": [0, 0, 2, 1], "texture": "#texture"}
			}
		},
		{
			"from": [13, 2, 15],
			"to": [15, 7, 16],
			"faces": {
				"north": {"uv": [1, 9, 3, 14], "texture": "#texture"},
				"east": {"uv": [1, 9, 2, 14], "texture": "#texture"},
				"south": {"uv": [3, 9, 1, 14], "texture": "#texture"},
				"west": {"uv": [0, 0, 1, 5], "texture": "#texture"},
				"up": {"uv": [1, 9, 3, 10], "texture": "#texture"},
				"down": {"uv": [3, 13, 1, 14], "texture": "#texture"}
			}
		},
		{
			"from": [12, 1, 15],
			"to": [13, 7, 16],
			"faces": {
				"north": {"uv": [3, 9, 4, 15], "texture": "#texture"},
				"east": {"uv": [3, 9, 4, 15], "texture": "#texture"},
				"south": {"uv": [3, 9, 4, 15], "texture": "#texture"},
				"west": {"uv": [0, 0, 1, 6], "texture": "#texture"},
				"up": {"uv": [0, 0, 1, 1], "texture": "#texture"},
				"down": {"uv": [0, 0, 1, 1], "texture": "#texture"}
			}
		},
		{
			"from": [12, 0, 15],
			"to": [14, 1, 16],
			"faces": {
				"north": {"uv": [2, 15, 4, 16], "texture": "#texture"},
				"east": {"uv": [2, 15, 3, 16], "texture": "#texture"},
				"south": {"uv": [2, 15, 4, 16], "texture": "#texture"},
				"west": {"uv": [3, 15, 4, 16], "texture": "#texture"},
				"up": {"uv": [2, 15, 4, 16], "texture": "#texture"},
				"down": {"uv": [2, 15, 4, 16], "texture": "#texture"}
			}
		},
		{
			"name": "center",
			"from": [4, 0, 15],
			"to": [12, 16, 16],
			"faces": {
				"north": {"uv": [4, 0, 12, 16], "texture": "#texture"},
				"east": {"uv": [4, 0, 5, 16], "texture": "#texture"},
				"south": {"uv": [12, 0, 4, 16], "texture": "#texture"},
				"west": {"uv": [11, 0, 12, 16], "texture": "#texture"},
				"up": {"uv": [12, 0, 4, 1], "texture": "#texture"},
				"down": {"uv": [12, 15, 4, 16], "texture": "#texture"}
			}
		}
	],
	"groups": [
		{
			"name": "right",
			"origin": [8, 8, 8],
			"color": 0,
			"children": [0, 1, 2, 3, 4, 5]
		},
		{
			"name": "left",
			"origin": [8, 8, 8],
			"color": 0,
			"children": [6, 7, 8, 9, 10, 11]
		},
		12
	]
}