{
	"credit": "Made with Blockbench",
	"parent": "block/ladder",
	"ambientocclusion": false,
	"textures": {
		"particle": "environmental:block/wisteria_ladder",
		"texture": "environmental:block/wisteria_ladder"
	},
	"elements": [
		{
			"from": [2, 13, 15],
			"to": [7, 15, 16],
			"faces": {
				"north": {"uv": [9, 1, 14, 3], "texture": "#texture"},
				"east": {"uv": [0, 0, 1, 2], "texture": "#texture"},
				"south": {"uv": [14, 1, 9, 3], "texture": "#texture"},
				"west": {"uv": [13, 1, 14, 3], "texture": "#texture"},
				"up": {"uv": [14, 1, 9, 2], "texture": "#texture"},
				"down": {"uv": [14, 2, 9, 3], "texture": "#texture"}
			}
		},
		{
			"from": [9, 13, 15],
			"to": [14, 15, 16],
			"faces": {
				"north": {"uv": [2, 1, 7, 3], "texture": "#texture"},
				"east": {"uv": [2, 1, 3, 3], "texture": "#texture"},
				"south": {"uv": [7, 1, 2, 3], "texture": "#texture"},
				"west": {"uv": [0, 0, 1, 2], "texture": "#texture"},
				"up": {"uv": [7, 1, 2, 2], "texture": "#texture"},
				"down": {"uv": [7, 2, 2, 3], "texture": "#texture"}
			}
		},
		{
			"from": [3, 9, 15],
			"to": [7, 11, 16],
			"faces": {
				"north": {"uv": [9, 5, 13, 7], "texture": "#texture"},
				"east": {"uv": [0, 0, 1, 2], "texture": "#texture"},
				"south": {"uv": [13, 5, 9, 7], "texture": "#texture"},
				"west": {"uv": [12, 5, 13, 7], "texture": "#texture"},
				"up": {"uv": [13, 5, 9, 6], "texture": "#texture"},
				"down": {"uv": [13, 6, 9, 7], "texture": "#texture"}
			}
		},
		{
			"from": [9, 9, 15],
			"to": [15, 11, 16],
			"faces": {
				"north": {"uv": [1, 5, 7, 7], "texture": "#texture"},
				"east": {"uv": [1, 5, 2, 7], "texture": "#texture"},
				"south": {"uv": [7, 5, 1, 7], "texture": "#texture"},
				"west": {"uv": [0, 0, 1, 2], "texture": "#texture"},
				"up": {"uv": [7, 5, 1, 6], "texture": "#texture"},
				"down": {"uv": [7, 6, 1, 7], "texture": "#texture"}
			}
		},
		{
			"from": [2, 5, 15],
			"to": [7, 7, 16],
			"faces": {
				"north": {"uv": [9, 9, 14, 11], "texture": "#texture"},
				"east": {"uv": [0, 8, 1, 10], "texture": "#texture"},
				"south": {"uv": [14, 9, 9, 11], "texture": "#texture"},
				"west": {"uv": [13, 9, 14, 11], "texture": "#texture"},
				"up": {"uv": [14, 9, 9, 10], "texture": "#texture"},
				"down": {"uv": [14, 10, 9, 11], "texture": "#texture"}
			}
		},
		{
			"from": [9, 5, 15],
			"to": [14, 7, 16],
			"faces": {
				"north": {"uv": [2, 9, 7, 11], "texture": "#texture"},
				"east": {"uv": [2, 9, 3, 11], "texture": "#texture"},
				"south": {"uv": [7, 9, 2, 11], "texture": "#texture"},
				"west": {"uv": [0, 8, 1, 10], "texture": "#texture"},
				"up": {"uv": [7, 9, 2, 10], "texture": "#texture"},
				"down": {"uv": [7, 10, 2, 11], "texture": "#texture"}
			}
		},
		{
			"from": [9, 1, 15],
			"to": [13, 3, 16],
			"faces": {
				"north": {"uv": [3, 13, 7, 15], "texture": "#texture"},
				"east": {"uv": [3, 13, 4, 15], "texture": "#texture"},
				"south": {"uv": [7, 13, 3, 15], "texture": "#texture"},
				"west": {"uv": [0, 0, 1, 2], "texture": "#texture"},
				"up": {"uv": [7, 13, 3, 14], "texture": "#texture"},
				"down": {"uv": [7, 14, 3, 15], "texture": "#texture"}
			}
		},
		{
			"from": [1, 1, 15],
			"to": [7, 3, 16],
			"faces": {
				"north": {"uv": [9, 13, 15, 15], "texture": "#texture"},
				"east": {"uv": [0, 0, 1, 2], "texture": "#texture"},
				"south": {"uv": [15, 13, 9, 15], "texture": "#texture"},
				"west": {"uv": [14, 13, 15, 15], "texture": "#texture"},
				"up": {"uv": [15, 13, 9, 14], "texture": "#texture"},
				"down": {"uv": [15, 14, 9, 15], "texture": "#texture"}
			}
		},
		{
			"name": "post",
			"from": [7, 0, 15],
			"to": [9, 16, 16],
			"faces": {
				"north": {"uv": [7, 0, 9, 16], "texture": "#texture"},
				"east": {"uv": [7, 0, 8, 16], "texture": "#texture"},
				"south": {"uv": [9, 0, 7, 16], "texture": "#texture"},
				"west": {"uv": [8, 0, 9, 16], "texture": "#texture"},
				"up": {"uv": [9, 0, 7, 1], "texture": "#texture"},
				"down": {"uv": [7, 15, 9, 16], "texture": "#texture"}
			}
		}
	],
	"groups": [
		{
			"name": "rung-t",
			"origin": [8, 8, 8],
			"color": 0,
			"children": [0, 1]
		},
		{
			"name": "rung-tm",
			"origin": [8, 8, 8],
			"color": 0,
			"children": [2, 3]
		},
		{
			"name": "rung-bm",
			"origin": [8, 8, 8],
			"color": 0,
			"children": [4, 5]
		},
		{
			"name": "rung-b",
			"origin": [8, 8, 8],
			"color": 0,
			"children": [6, 7]
		},
		8
	]
}