{
	"credit": "Made with Blockbench",
	"parent": "quark:block/ladder_but_not_the_vanilla_one_so_resourcepacks_dont_override_it",
	"textures": {
		"particle": "quark:block/acacia_ladder",
		"texture": "quark:block/acacia_ladder"
	},
	"elements": [
		{
			"from": [1, 1, 15],
			"to": [15, 3, 16],
			"faces": {
				"north": {"uv": [1, 13, 15, 15], "texture": "#texture"},
				"east": {"uv": [1, 13, 2, 15], "texture": "#texture"},
				"south": {"uv": [15, 13, 1, 15], "texture": "#texture"},
				"west": {"uv": [14, 13, 15, 15], "texture": "#texture"},
				"up": {"uv": [15, 13, 1, 14], "texture": "#texture"},
				"down": {"uv": [15, 14, 1, 15], "texture": "#texture"}
			}
		},
		{
			"from": [0, 5, 15],
			"to": [15, 7, 16],
			"faces": {
				"north": {"uv": [1, 9, 16, 11], "texture": "#texture"},
				"east": {"uv": [1, 9, 2, 11], "texture": "#texture"},
				"south": {"uv": [16, 9, 1, 11], "texture": "#texture"},
				"west": {"uv": [15, 9, 16, 11], "texture": "#texture"},
				"up": {"uv": [16, 9, 1, 10], "texture": "#texture"},
				"down": {"uv": [16, 10, 1, 11], "texture": "#texture"}
			}
		},
		{
			"from": [2, 9, 15],
			"to": [16, 11, 16],
			"faces": {
				"north": {"uv": [0, 5, 14, 7], "texture": "#texture"},
				"east": {"uv": [0, 5, 1, 7], "texture": "#texture"},
				"south": {"uv": [14, 5, 0, 7], "texture": "#texture"},
				"west": {"uv": [13, 5, 14, 7], "texture": "#texture"},
				"up": {"uv": [14, 5, 0, 6], "texture": "#texture"},
				"down": {"uv": [14, 6, 0, 7], "texture": "#texture"}
			}
		},
		{
			"from": [0, 13, 15],
			"to": [16, 15, 16],
			"faces": {
				"north": {"uv": [0, 1, 16, 3], "texture": "#texture"},
				"east": {"uv": [0, 1, 1, 3], "texture": "#texture"},
				"south": {"uv": [16, 1, 0, 3], "texture": "#texture"},
				"west": {"uv": [0, 1, 1, 3], "texture": "#texture"},
				"up": {"uv": [16, 1, 0, 2], "texture": "#texture"},
				"down": {"uv": [16, 2, 0, 3], "texture": "#texture"}
			}
		}
	]
}