{
	"credit": "Made with Blockbench",
	"parent": "quark:block/ladder_but_not_the_vanilla_one_so_resourcepacks_dont_override_it",
	"textures": {
		"particle": "quark:block/birch_ladder",
		"texture": "quark:block/birch_ladder"
	},
	"elements": [
		{
			"from": [0, 13, 15],
			"to": [16, 14, 16],
			"faces": {
				"north": {"uv": [0, 2, 16, 3], "texture": "#texture"},
				"east": {"uv": [0, 2, 1, 3], "texture": "#texture"},
				"south": {"uv": [16, 2, 0, 3], "texture": "#texture"},
				"west": {"uv": [0, 2, 1, 3], "texture": "#texture"},
				"up": {"uv": [16, 2, 0, 3], "texture": "#texture"},
				"down": {"uv": [16, 2, 0, 3], "texture": "#texture"}
			}
		},
		{
			"from": [0, 5, 15],
			"to": [16, 6, 16],
			"faces": {
				"north": {"uv": [0, 10, 16, 11], "texture": "#texture"},
				"east": {"uv": [0, 10, 1, 11], "texture": "#texture"},
				"south": {"uv": [16, 10, 0, 11], "texture": "#texture"},
				"west": {"uv": [0, 10, 1, 11], "texture": "#texture"},
				"up": {"uv": [16, 10, 0, 11], "texture": "#texture"},
				"down": {"uv": [16, 10, 0, 11], "texture": "#texture"}
			}
		},
		{
			"from": [0, 9, 15],
			"to": [16, 10, 16],
			"faces": {
				"north": {"uv": [0, 6, 16, 7], "texture": "#texture"},
				"east": {"uv": [0, 6, 1, 7], "texture": "#texture"},
				"south": {"uv": [16, 6, 0, 7], "texture": "#texture"},
				"west": {"uv": [0, 6, 1, 7], "texture": "#texture"},
				"up": {"uv": [16, 6, 0, 7], "texture": "#texture"},
				"down": {"uv": [16, 6, 0, 7], "texture": "#texture"}
			}
		},
		{
			"from": [0, 1, 15],
			"to": [16, 2, 16],
			"faces": {
				"north": {"uv": [0, 14, 16, 15], "texture": "#texture"},
				"east": {"uv": [0, 14, 1, 15], "texture": "#texture"},
				"south": {"uv": [16, 14, 0, 15], "texture": "#texture"},
				"west": {"uv": [0, 14, 1, 15], "texture": "#texture"},
				"up": {"uv": [16, 14, 0, 15], "texture": "#texture"},
				"down": {"uv": [16, 14, 0, 15], "texture": "#texture"}
			}
		},
		{
			"from": [1, 14, 15],
			"to": [3, 16, 16],
			"faces": {
				"north": {"uv": [13, 0, 15, 2], "texture": "#texture"},
				"east": {"uv": [13, 0, 14, 2], "texture": "#texture"},
				"south": {"uv": [15, 0, 13, 2], "texture": "#texture"},
				"west": {"uv": [14, 0, 15, 2], "texture": "#texture"},
				"up": {"uv": [15, 0, 13, 1], "texture": "#texture"},
				"down": {"uv": [0, 0, 2, 1], "texture": "#texture"}
			}
		},
		{
			"from": [1, 10, 15],
			"to": [3, 13, 16],
			"faces": {
				"north": {"uv": [13, 3, 15, 6], "texture": "#texture"},
				"east": {"uv": [13, 3, 14, 6], "texture": "#texture"},
				"south": {"uv": [15, 3, 13, 6], "texture": "#texture"},
				"west": {"uv": [14, 3, 15, 6], "texture": "#texture"},
				"up": {"uv": [0, 0, 2, 1], "texture": "#texture"},
				"down": {"uv": [0, 0, 2, 1], "texture": "#texture"}
			}
		},
		{
			"from": [1, 6, 15],
			"to": [3, 9, 16],
			"faces": {
				"north": {"uv": [13, 7, 15, 10], "texture": "#texture"},
				"east": {"uv": [13, 7, 14, 10], "texture": "#texture"},
				"south": {"uv": [15, 7, 13, 10], "texture": "#texture"},
				"west": {"uv": [14, 7, 15, 10], "texture": "#texture"},
				"up": {"uv": [0, 0, 2, 1], "texture": "#texture"},
				"down": {"uv": [0, 0, 2, 1], "texture": "#texture"}
			}
		},
		{
			"from": [1, 2, 15],
			"to": [3, 5, 16],
			"faces": {
				"north": {"uv": [13, 11, 15, 14], "texture": "#texture"},
				"east": {"uv": [13, 11, 14, 14], "texture": "#texture"},
				"south": {"uv": [15, 11, 13, 14], "texture": "#texture"},
				"west": {"uv": [14, 11, 15, 14], "texture": "#texture"},
				"up": {"uv": [0, 0, 2, 1], "texture": "#texture"},
				"down": {"uv": [0, 0, 2, 1], "texture": "#texture"}
			}
		},
		{
			"from": [1, 0, 15],
			"to": [3, 1, 16],
			"faces": {
				"north": {"uv": [13, 15, 15, 16], "texture": "#texture"},
				"east": {"uv": [13, 15, 14, 16], "texture": "#texture"},
				"south": {"uv": [15, 15, 13, 16], "texture": "#texture"},
				"west": {"uv": [14, 15, 15, 16], "texture": "#texture"},
				"up": {"uv": [0, 0, 2, 1], "texture": "#texture"},
				"down": {"uv": [15, 15, 13, 16], "texture": "#texture"}
			}
		},
		{
			"from": [13, 14, 15],
			"to": [15, 16, 16],
			"faces": {
				"north": {"uv": [1, 0, 3, 2], "texture": "#texture"},
				"east": {"uv": [1, 0, 2, 2], "texture": "#texture"},
				"south": {"uv": [3, 0, 1, 2], "texture": "#texture"},
				"west": {"uv": [2, 0, 3, 2], "texture": "#texture"},
				"up": {"uv": [1, 0, 3, 1], "texture": "#texture"},
				"down": {"uv": [0, 0, 2, 1], "texture": "#texture"}
			}
		},
		{
			"from": [13, 10, 15],
			"to": [15, 13, 16],
			"faces": {
				"north": {"uv": [1, 3, 3, 6], "texture": "#texture"},
				"east": {"uv": [1, 3, 2, 6], "texture": "#texture"},
				"south": {"uv": [3, 3, 1, 6], "texture": "#texture"},
				"west": {"uv": [2, 3, 3, 6], "texture": "#texture"},
				"up": {"uv": [0, 0, 2, 1], "texture": "#texture"},
				"down": {"uv": [0, 0, 2, 1], "texture": "#texture"}
			}
		},
		{
			"from": [13, 6, 15],
			"to": [15, 9, 16],
			"faces": {
				"north": {"uv": [1, 7, 3, 10], "texture": "#texture"},
				"east": {"uv": [1, 7, 2, 10], "texture": "#texture"},
				"south": {"uv": [3, 7, 1, 10], "texture": "#texture"},
				"west": {"uv": [2, 7, 3, 10], "texture": "#texture"},
				"up": {"uv": [0, 0, 2, 1], "texture": "#texture"},
				"down": {"uv": [0, 0, 2, 1], "texture": "#texture"}
			}
		},
		{
			"from": [13, 2, 15],
			"to": [15, 5, 16],
			"faces": {
				"north": {"uv": [1, 11, 3, 14], "texture": "#texture"},
				"east": {"uv": [1, 11, 2, 14], "texture": "#texture"},
				"south": {"uv": [3, 11, 1, 14], "texture": "#texture"},
				"west": {"uv": [2, 11, 3, 14], "texture": "#texture"},
				"up": {"uv": [0, 0, 2, 1], "texture": "#texture"},
				"down": {"uv": [0, 0, 2, 1], "texture": "#texture"}
			}
		},
		{
			"from": [13, 0, 15],
			"to": [15, 1, 16],
			"faces": {
				"north": {"uv": [1, 15, 3, 16], "texture": "#texture"},
				"east": {"uv": [1, 15, 2, 16], "texture": "#texture"},
				"south": {"uv": [3, 15, 1, 16], "texture": "#texture"},
				"west": {"uv": [2, 15, 3, 16], "texture": "#texture"},
				"up": {"uv": [0, 0, 2, 1], "texture": "#texture"},
				"down": {"uv": [1, 15, 2, 16], "texture": "#texture"}
			}
		},
		{
			"from": [7, 14, 15],
			"to": [9, 16, 16],
			"faces": {
				"north": {"uv": [7, 0, 9, 2], "texture": "#texture"},
				"east": {"uv": [7, 0, 8, 2], "texture": "#texture"},
				"south": {"uv": [9, 0, 7, 2], "texture": "#texture"},
				"west": {"uv": [8, 0, 9, 2], "texture": "#texture"},
				"up": {"uv": [7, 0, 9, 1], "texture": "#texture"},
				"down": {"uv": [0, 0, 2, 1], "texture": "#texture"}
			}
		},
		{
			"from": [7, 10, 15],
			"to": [9, 13, 16],
			"faces": {
				"north": {"uv": [7, 3, 9, 6], "texture": "#texture"},
				"east": {"uv": [7, 3, 8, 6], "texture": "#texture"},
				"south": {"uv": [9, 3, 7, 6], "texture": "#texture"},
				"west": {"uv": [8, 3, 9, 6], "texture": "#texture"},
				"up": {"uv": [0, 0, 2, 1], "texture": "#texture"},
				"down": {"uv": [0, 0, 2, 1], "texture": "#texture"}
			}
		},
		{
			"from": [7, 6, 15],
			"to": [9, 9, 16],
			"faces": {
				"north": {"uv": [7, 7, 9, 10], "texture": "#texture"},
				"east": {"uv": [7, 7, 8, 10], "texture": "#texture"},
				"south": {"uv": [9, 7, 7, 10], "texture": "#texture"},
				"west": {"uv": [8, 7, 9, 10], "texture": "#texture"},
				"up": {"uv": [0, 0, 2, 1], "texture": "#texture"},
				"down": {"uv": [0, 0, 2, 1], "texture": "#texture"}
			}
		},
		{
			"from": [7, 2, 15],
			"to": [9, 5, 16],
			"faces": {
				"north": {"uv": [7, 11, 9, 14], "texture": "#texture"},
				"east": {"uv": [7, 11, 8, 14], "texture": "#texture"},
				"south": {"uv": [9, 11, 7, 14], "texture": "#texture"},
				"west": {"uv": [8, 11, 9, 14], "texture": "#texture"},
				"up": {"uv": [0, 0, 2, 1], "texture": "#texture"},
				"down": {"uv": [0, 0, 2, 1], "texture": "#texture"}
			}
		},
		{
			"from": [7, 0, 15],
			"to": [9, 1, 16],
			"faces": {
				"north": {"uv": [7, 15, 9, 16], "texture": "#texture"},
				"east": {"uv": [7, 15, 8, 16], "texture": "#texture"},
				"south": {"uv": [7, 15, 9, 16], "texture": "#texture"},
				"west": {"uv": [8, 15, 9, 16], "texture": "#texture"},
				"up": {"uv": [0, 0, 2, 1], "texture": "#texture"},
				"down": {"uv": [7, 15, 9, 16], "texture": "#texture"}
			}
		}
	],
	"groups": [
		{
			"name": "rungs",
			"origin": [0, 0, 0],
			"color": 0,
			"children": [0, 1, 2, 3]
		},
		{
			"name": "pole-r",
			"origin": [0, 0, 0],
			"color": 0,
			"children": [4, 5, 6, 7, 8]
		},
		{
			"name": "pole-l",
			"origin": [0, 0, 0],
			"color": 0,
			"children": [9, 10, 11, 12, 13]
		},
		{
			"name": "pole-m",
			"origin": [0, 0, 0],
			"color": 0,
			"children": [14, 15, 16, 17, 18]
		}
	]
}