{
	"credit": "Made with Blockbench",
	"parent": "quark:block/ladder_but_not_the_vanilla_one_so_resourcepacks_dont_override_it",
	"textures": {
		"particle": "quark:block/crimson_ladder",
		"texture": "quark:block/crimson_ladder"
	},
	"elements": [
		{
			"from": [0, 0, 15],
			"to": [2, 16, 16],
			"faces": {
				"north": {"uv": [14, 0, 16, 16], "texture": "#texture"},
				"east": {"uv": [14, 0, 15, 16], "texture": "#texture"},
				"south": {"uv": [16, 0, 14, 16], "texture": "#texture"},
				"west": {"uv": [15, 0, 16, 16], "texture": "#texture"},
				"up": {"uv": [16, 0, 14, 1], "texture": "#texture"},
				"down": {"uv": [16, 15, 14, 16], "texture": "#texture"}
			}
		},
		{
			"from": [14, 0, 15],
			"to": [16, 16, 16],
			"faces": {
				"north": {"uv": [0, 0, 2, 16], "texture": "#texture"},
				"east": {"uv": [0, 0, 1, 16], "texture": "#texture"},
				"south": {"uv": [2, 0, 0, 16], "texture": "#texture"},
				"west": {"uv": [1, 0, 2, 16], "texture": "#texture"},
				"up": {"uv": [2, 0, 0, 1], "texture": "#texture"},
				"down": {"uv": [2, 15, 0, 16], "texture": "#texture"}
			}
		},
		{
			"from": [5, 0, 15],
			"to": [11, 1, 16],
			"faces": {
				"north": {"uv": [5, 15, 11, 16], "texture": "#texture"},
				"east": {"uv": [5, 15, 6, 16], "texture": "#texture"},
				"south": {"uv": [11, 15, 5, 16], "texture": "#texture"},
				"west": {"uv": [10, 15, 11, 16], "texture": "#texture"},
				"up": {"uv": [0, 0, 6, 1], "texture": "#texture"},
				"down": {"uv": [11, 15, 5, 16], "texture": "#texture"}
			}
		},
		{
			"from": [5, 15, 15],
			"to": [11, 16, 16],
			"faces": {
				"north": {"uv": [5, 0, 11, 1], "texture": "#texture"},
				"east": {"uv": [5, 0, 6, 1], "texture": "#texture"},
				"south": {"uv": [11, 0, 5, 1], "texture": "#texture"},
				"west": {"uv": [10, 0, 11, 1], "texture": "#texture"},
				"up": {"uv": [11, 0, 5, 1], "texture": "#texture"},
				"down": {"uv": [0, 0, 6, 1], "texture": "#texture"}
			}
		},
		{
			"from": [5, 7, 15],
			"to": [11, 9, 16],
			"faces": {
				"north": {"uv": [5, 7, 11, 9], "texture": "#texture"},
				"east": {"uv": [5, 7, 6, 9], "texture": "#texture"},
				"south": {"uv": [11, 7, 5, 9], "texture": "#texture"},
				"west": {"uv": [10, 7, 11, 9], "texture": "#texture"},
				"up": {"uv": [0, 0, 6, 1], "texture": "#texture"},
				"down": {"uv": [0, 0, 6, 1], "texture": "#texture"}
			}
		},
		{
			"from": [3, 1, 15],
			"to": [13, 7, 16],
			"faces": {
				"north": {"uv": [3, 9, 13, 15], "texture": "#texture"},
				"east": {"uv": [3, 9, 4, 15], "texture": "#texture"},
				"south": {"uv": [13, 9, 3, 15], "texture": "#texture"},
				"west": {"uv": [12, 9, 13, 15], "texture": "#texture"},
				"up": {"uv": [3, 1, 13, 2], "texture": "#texture"},
				"down": {"uv": [3, 14, 13, 15], "texture": "#texture"}
			}
		},
		{
			"from": [3, 9, 15],
			"to": [13, 15, 16],
			"faces": {
				"north": {"uv": [3, 1, 13, 7], "texture": "#texture"},
				"east": {"uv": [3, 1, 4, 7], "texture": "#texture"},
				"south": {"uv": [13, 1, 3, 7], "texture": "#texture"},
				"west": {"uv": [12, 1, 13, 7], "texture": "#texture"},
				"up": {"uv": [3, 1, 13, 2], "texture": "#texture"},
				"down": {"uv": [3, 6, 13, 7], "texture": "#texture"}
			}
		}
	],
	"groups": [
		{
			"name": "poles_midrungs",
			"origin": [8, 8, 8],
			"color": 0,
			"children": [0, 1, 2, 3, 4]
		},
		{
			"name": "rungs",
			"origin": [8, 8, 8],
			"color": 0,
			"children": [5, 6]
		}
	]
}