{
	"credit": "Made with Blockbench",
	"parent": "quark:block/ladder_but_not_the_vanilla_one_so_resourcepacks_dont_override_it",
	"textures": {
		"particle": "quark:block/dark_oak_ladder",
		"texture": "quark:block/dark_oak_ladder"
	},
	"elements": [
		{
			"from": [0, 1, 15],
			"to": [16, 4, 16],
			"faces": {
				"north": {"uv": [0, 12, 16, 15], "texture": "#texture"},
				"east": {"uv": [0, 12, 1, 15], "texture": "#texture"},
				"south": {"uv": [16, 12, 0, 15], "texture": "#texture"},
				"west": {"uv": [15, 12, 16, 15], "texture": "#texture"},
				"up": {"uv": [16, 12, 0, 13], "texture": "#texture"},
				"down": {"uv": [16, 14, 0, 15], "texture": "#texture"}
			}
		},
		{
			"from": [0, 13, 15],
			"to": [16, 16, 16],
			"faces": {
				"north": {"uv": [0, 0, 16, 3], "texture": "#texture"},
				"east": {"uv": [0, 0, 1, 3], "texture": "#texture"},
				"south": {"uv": [16, 0, 0, 3], "texture": "#texture"},
				"west": {"uv": [15, 0, 16, 3], "texture": "#texture"},
				"up": {"uv": [16, 0, 0, 1], "texture": "#texture"},
				"down": {"uv": [16, 2, 0, 3], "texture": "#texture"}
			}
		},
		{
			"from": [0, 9, 15],
			"to": [16, 12, 16],
			"faces": {
				"north": {"uv": [0, 4, 16, 7], "texture": "#texture"},
				"east": {"uv": [0, 4, 1, 7], "texture": "#texture"},
				"south": {"uv": [16, 4, 0, 7], "texture": "#texture"},
				"west": {"uv": [15, 4, 16, 7], "texture": "#texture"},
				"up": {"uv": [16, 4, 0, 5], "texture": "#texture"},
				"down": {"uv": [16, 6, 0, 7], "texture": "#texture"}
			}
		},
		{
			"from": [0, 5, 15],
			"to": [16, 8, 16],
			"faces": {
				"north": {"uv": [0, 8, 16, 11], "texture": "#texture"},
				"east": {"uv": [0, 8, 1, 11], "texture": "#texture"},
				"south": {"uv": [16, 8, 0, 11], "texture": "#texture"},
				"west": {"uv": [15, 8, 16, 11], "texture": "#texture"},
				"up": {"uv": [16, 8, 0, 9], "texture": "#texture"},
				"down": {"uv": [16, 10, 0, 11], "texture": "#texture"}
			}
		},
		{
			"from": [1, 0, 15],
			"to": [3, 1, 16],
			"faces": {
				"north": {"uv": [13, 15, 15, 16], "texture": "#texture"},
				"east": {"uv": [13, 15, 14, 16], "texture": "#texture"},
				"south": {"uv": [15, 15, 13, 16], "texture": "#texture"},
				"west": {"uv": [14, 15, 15, 16], "texture": "#texture"},
				"up": {"uv": [0, 0, 2, 1], "texture": "#texture"},
				"down": {"uv": [15, 15, 13, 16], "texture": "#texture"}
			}
		},
		{
			"from": [1, 4, 15],
			"to": [3, 5, 16],
			"faces": {
				"north": {"uv": [13, 11, 15, 12], "texture": "#texture"},
				"east": {"uv": [13, 11, 14, 12], "texture": "#texture"},
				"south": {"uv": [15, 11, 13, 12], "texture": "#texture"},
				"west": {"uv": [14, 11, 15, 12], "texture": "#texture"},
				"up": {"uv": [0, 0, 2, 1], "texture": "#texture"},
				"down": {"uv": [0, 0, 2, 1], "texture": "#texture"}
			}
		},
		{
			"from": [1, 8, 15],
			"to": [3, 9, 16],
			"faces": {
				"north": {"uv": [13, 7, 15, 8], "texture": "#texture"},
				"east": {"uv": [13, 7, 14, 8], "texture": "#texture"},
				"south": {"uv": [15, 7, 13, 8], "texture": "#texture"},
				"west": {"uv": [14, 7, 15, 8], "texture": "#texture"},
				"up": {"uv": [0, 0, 2, 1], "texture": "#texture"},
				"down": {"uv": [0, 0, 2, 1], "texture": "#texture"}
			}
		},
		{
			"from": [1, 12, 15],
			"to": [3, 13, 16],
			"faces": {
				"north": {"uv": [13, 3, 15, 4], "texture": "#texture"},
				"east": {"uv": [13, 3, 14, 4], "texture": "#texture"},
				"south": {"uv": [15, 3, 13, 4], "texture": "#texture"},
				"west": {"uv": [14, 3, 15, 4], "texture": "#texture"},
				"up": {"uv": [15, 3, 13, 4], "texture": "#texture"},
				"down": {"uv": [0, 0, 2, 1], "texture": "#texture"}
			}
		},
		{
			"from": [13, 0, 15],
			"to": [15, 1, 16],
			"faces": {
				"north": {"uv": [1, 15, 3, 16], "texture": "#texture"},
				"east": {"uv": [1, 15, 2, 16], "texture": "#texture"},
				"south": {"uv": [3, 16, 1, 15], "texture": "#texture"},
				"west": {"uv": [2, 15, 3, 16], "texture": "#texture"},
				"up": {"uv": [0, 0, 2, 1], "texture": "#texture"},
				"down": {"uv": [3, 15, 1, 16], "texture": "#texture"}
			}
		},
		{
			"from": [13, 4, 15],
			"to": [15, 5, 16],
			"faces": {
				"north": {"uv": [1, 11, 3, 12], "texture": "#texture"},
				"east": {"uv": [1, 11, 2, 12], "texture": "#texture"},
				"south": {"uv": [3, 11, 1, 12], "texture": "#texture"},
				"west": {"uv": [2, 11, 3, 12], "texture": "#texture"},
				"up": {"uv": [0, 0, 2, 1], "texture": "#texture"},
				"down": {"uv": [0, 0, 2, 1], "texture": "#texture"}
			}
		},
		{
			"from": [13, 8, 15],
			"to": [15, 9, 16],
			"faces": {
				"north": {"uv": [1, 7, 3, 8], "texture": "#texture"},
				"east": {"uv": [1, 7, 2, 8], "texture": "#texture"},
				"south": {"uv": [3, 7, 1, 8], "texture": "#texture"},
				"west": {"uv": [2, 7, 3, 8], "texture": "#texture"},
				"up": {"uv": [0, 0, 2, 1], "texture": "#texture"},
				"down": {"uv": [0, 0, 2, 1], "texture": "#texture"}
			}
		},
		{
			"from": [13, 12, 15],
			"to": [15, 13, 16],
			"faces": {
				"north": {"uv": [1, 3, 3, 4], "texture": "#texture"},
				"east": {"uv": [1, 3, 2, 4], "texture": "#texture"},
				"south": {"uv": [3, 3, 1, 4], "texture": "#texture"},
				"west": {"uv": [2, 3, 3, 4], "texture": "#texture"},
				"up": {"uv": [3, 3, 1, 4], "texture": "#texture"},
				"down": {"uv": [0, 0, 2, 1], "texture": "#texture"}
			}
		}
	],
	"groups": [
		{
			"name": "rungs",
			"origin": [0, 0, 0],
			"color": 0,
			"children": [0, 1, 2, 3]
		},
		{
			"name": "pole-r",
			"origin": [8, 8, 8],
			"color": 0,
			"children": [4, 5, 6, 7]
		},
		{
			"name": "pole-l",
			"origin": [8, 8, 8],
			"color": 0,
			"children": [8, 9, 10, 11]
		}
	]
}