{
	"credit": "Made with Blockbench",
	"parent": "quark:block/ladder_but_not_the_vanilla_one_so_resourcepacks_dont_override_it",
	"textures": {
		"particle": "quark:block/jungle_ladder",
		"texture": "quark:block/jungle_ladder"
	},
	"elements": [
		{
			"from": [0, 13, 15],
			"to": [16, 16, 16],
			"faces": {
				"north": {"uv": [0, 0, 16, 3], "texture": "#texture"},
				"east": {"uv": [0, 0, 1, 3], "texture": "#texture"},
				"south": {"uv": [16, 0, 0, 3], "texture": "#texture"},
				"west": {"uv": [15, 0, 16, 3], "texture": "#texture"},
				"up": {"uv": [16, 0, 0, 1], "texture": "#texture"},
				"down": {"uv": [16, 2, 0, 3], "texture": "#texture"}
			}
		},
		{
			"from": [0, 8, 15],
			"to": [9, 11, 16],
			"faces": {
				"north": {"uv": [7, 5, 16, 8], "texture": "#texture"},
				"east": {"uv": [7, 5, 8, 8], "texture": "#texture"},
				"south": {"uv": [16, 5, 7, 8], "texture": "#texture"},
				"west": {"uv": [15, 5, 16, 8], "texture": "#texture"},
				"up": {"uv": [7, 5, 16, 6], "texture": "#texture"},
				"down": {"uv": [16, 7, 7, 8], "texture": "#texture"}
			}
		},
		{
			"from": [9, 7, 15],
			"to": [16, 10, 16],
			"faces": {
				"north": {"uv": [0, 6, 7, 9], "texture": "#texture"},
				"east": {"uv": [0, 6, 1, 9], "texture": "#texture"},
				"south": {"uv": [7, 6, 0, 9], "texture": "#texture"},
				"west": {"uv": [0, 0, 1, 3], "texture": "#texture"},
				"up": {"uv": [7, 6, 0, 7], "texture": "#texture"},
				"down": {"uv": [7, 8, 0, 9], "texture": "#texture"}
			}
		},
		{
			"from": [7, 7, 15],
			"to": [9, 8, 16],
			"faces": {
				"north": {"uv": [7, 8, 9, 9], "texture": "#texture"},
				"east": {"uv": [0, 0, 1, 1], "texture": "#texture"},
				"south": {"uv": [9, 8, 7, 9], "texture": "#texture"},
				"west": {"uv": [8, 8, 9, 9], "texture": "#texture"},
				"up": {"uv": [0, 0, 2, 1], "texture": "#texture"},
				"down": {"uv": [7, 8, 9, 9], "texture": "#texture"}
			}
		},
		{
			"from": [6, 2, 15],
			"to": [16, 5, 16],
			"faces": {
				"north": {"uv": [0, 11, 10, 14], "texture": "#texture"},
				"east": {"uv": [0, 11, 1, 14], "texture": "#texture"},
				"south": {"uv": [10, 11, 0, 14], "texture": "#texture"},
				"west": {"uv": [10, 11, 9, 14], "texture": "#texture"},
				"up": {"uv": [10, 11, 0, 12], "texture": "#texture"},
				"down": {"uv": [10, 13, 0, 14], "texture": "#texture"}
			}
		},
		{
			"from": [0, 1, 15],
			"to": [6, 4, 16],
			"faces": {
				"north": {"uv": [10, 12, 16, 15], "texture": "#texture"},
				"east": {"uv": [0, 0, 1, 3], "texture": "#texture"},
				"south": {"uv": [16, 12, 10, 15], "texture": "#texture"},
				"west": {"uv": [15, 12, 16, 15], "texture": "#texture"},
				"up": {"uv": [16, 12, 10, 13], "texture": "#texture"},
				"down": {"uv": [16, 14, 10, 15], "texture": "#texture"}
			}
		},
		{
			"from": [6, 1, 15],
			"to": [9, 2, 16],
			"faces": {
				"north": {"uv": [7, 14, 10, 15], "texture": "#texture"},
				"east": {"uv": [7, 14, 8, 15], "texture": "#texture"},
				"south": {"uv": [10, 14, 7, 15], "texture": "#texture"},
				"west": {"uv": [0, 0, 1, 1], "texture": "#texture"},
				"up": {"uv": [0, 0, 3, 1], "texture": "#texture"},
				"down": {"uv": [10, 14, 7, 15], "texture": "#texture"}
			}
		},
		{
			"from": [1, 0, 15],
			"to": [3, 1, 16],
			"faces": {
				"north": {"uv": [13, 15, 15, 16], "texture": "#texture"},
				"east": {"uv": [13, 15, 14, 16], "texture": "#texture"},
				"south": {"uv": [15, 15, 13, 16], "texture": "#texture"},
				"west": {"uv": [14, 15, 15, 16], "texture": "#texture"},
				"up": {"uv": [0, 0, 2, 1], "texture": "#texture"},
				"down": {"uv": [15, 15, 13, 16], "texture": "#texture"}
			}
		},
		{
			"from": [1, 4, 15],
			"to": [3, 8, 16],
			"faces": {
				"north": {"uv": [13, 8, 15, 12], "texture": "#texture"},
				"east": {"uv": [13, 8, 14, 12], "texture": "#texture"},
				"south": {"uv": [15, 8, 13, 12], "texture": "#texture"},
				"west": {"uv": [15, 8, 14, 12], "texture": "#texture"},
				"up": {"uv": [0, 0, 2, 1], "texture": "#texture"},
				"down": {"uv": [0, 0, 2, 1], "texture": "#texture"}
			}
		},
		{
			"from": [1, 11, 15],
			"to": [3, 13, 16],
			"faces": {
				"north": {"uv": [13, 3, 15, 5], "texture": "#texture"},
				"east": {"uv": [13, 3, 14, 5], "texture": "#texture"},
				"south": {"uv": [15, 3, 13, 5], "texture": "#texture"},
				"west": {"uv": [14, 3, 15, 5], "texture": "#texture"},
				"up": {"uv": [0, 0, 2, 1], "texture": "#texture"},
				"down": {"uv": [0, 0, 2, 1], "texture": "#texture"}
			}
		},
		{
			"from": [13, 0, 15],
			"to": [15, 2, 16],
			"faces": {
				"north": {"uv": [1, 14, 3, 16], "texture": "#texture"},
				"east": {"uv": [1, 14, 2, 16], "texture": "#texture"},
				"south": {"uv": [0, 0, 2, 2], "texture": "#texture"},
				"west": {"uv": [2, 14, 3, 16], "texture": "#texture"},
				"up": {"uv": [0, 0, 2, 1], "texture": "#texture"},
				"down": {"uv": [3, 15, 1, 16], "texture": "#texture"}
			}
		},
		{
			"from": [13, 5, 15],
			"to": [15, 7, 16],
			"faces": {
				"north": {"uv": [1, 9, 3, 11], "texture": "#texture"},
				"east": {"uv": [1, 9, 2, 11], "texture": "#texture"},
				"south": {"uv": [3, 9, 1, 11], "texture": "#texture"},
				"west": {"uv": [2, 9, 3, 11], "texture": "#texture"},
				"up": {"uv": [0, 0, 2, 1], "texture": "#texture"},
				"down": {"uv": [0, 0, 2, 1], "texture": "#texture"}
			}
		},
		{
			"from": [13, 10, 15],
			"to": [15, 13, 16],
			"faces": {
				"north": {"uv": [1, 3, 3, 6], "texture": "#texture"},
				"east": {"uv": [1, 3, 2, 6], "texture": "#texture"},
				"south": {"uv": [3, 3, 1, 6], "texture": "#texture"},
				"west": {"uv": [2, 3, 3, 6], "texture": "#texture"},
				"up": {"uv": [0, 0, 2, 1], "texture": "#texture"},
				"down": {"uv": [0, 0, 2, 1], "texture": "#texture"}
			}
		}
	],
	"groups": [
		{
			"name": "rungs",
			"origin": [8, 8, 8],
			"color": 0,
			"children": [
				0,
				{
					"name": "mid",
					"origin": [8, 8, 8],
					"color": 0,
					"children": [1, 2, 3]
				},
				{
					"name": "lower",
					"origin": [8, 8, 8],
					"color": 0,
					"children": [4, 5, 6]
				}
			]
		},
		{
			"name": "pole-r",
			"origin": [8, 8, 8],
			"color": 0,
			"children": [7, 8, 9]
		},
		{
			"name": "pole-l",
			"origin": [8, 8, 8],
			"color": 0,
			"children": [10, 11, 12]
		}
	]
}