{
	"credit": "Made with Blockbench",
	"parent": "quark:block/ladder_but_not_the_vanilla_one_so_resourcepacks_dont_override_it",
	"textures": {
		"particle": "quark:block/spruce_ladder",
		"texture": "quark:block/spruce_ladder"
	},
	"elements": [
		{
			"from": [0, 1, 15],
			"to": [16, 4, 16],
			"faces": {
				"north": {"uv": [0, 12, 16, 15], "texture": "#texture"},
				"east": {"uv": [0, 12, 1, 15], "texture": "#texture"},
				"south": {"uv": [16, 12, 0, 15], "texture": "#texture"},
				"west": {"uv": [15, 1, 16, 4], "texture": "#texture"},
				"up": {"uv": [16, 12, 0, 13], "texture": "#texture"},
				"down": {"uv": [16, 14, 0, 15], "texture": "#texture"}
			}
		},
		{
			"from": [0, 7, 15],
			"to": [16, 10, 16],
			"faces": {
				"north": {"uv": [0, 6, 16, 9], "texture": "#texture"},
				"east": {"uv": [0, 6, 1, 9], "texture": "#texture"},
				"south": {"uv": [16, 6, 0, 9], "texture": "#texture"},
				"west": {"uv": [15, 1, 16, 4], "texture": "#texture"},
				"up": {"uv": [16, 6, 0, 7], "texture": "#texture"},
				"down": {"uv": [16, 8, 0, 9], "texture": "#texture"}
			}
		},
		{
			"from": [0, 12, 15],
			"to": [16, 15, 16],
			"faces": {
				"north": {"uv": [0, 1, 16, 4], "texture": "#texture"},
				"east": {"uv": [0, 1, 1, 4], "texture": "#texture"},
				"south": {"uv": [16, 1, 0, 4], "texture": "#texture"},
				"west": {"uv": [15, 1, 16, 4], "texture": "#texture"},
				"up": {"uv": [16, 1, 0, 2], "texture": "#texture"},
				"down": {"uv": [16, 3, 0, 4], "texture": "#texture"}
			}
		},
		{
			"from": [1, 0, 15],
			"to": [3, 1, 16],
			"faces": {
				"north": {"uv": [13, 15, 15, 16], "texture": "#texture"},
				"east": {"uv": [13, 15, 14, 16], "texture": "#texture"},
				"south": {"uv": [15, 15, 13, 16], "texture": "#texture"},
				"west": {"uv": [14, 15, 15, 16], "texture": "#texture"},
				"up": {"uv": [0, 0, 2, 1], "texture": "#texture"},
				"down": {"uv": [15, 15, 13, 16], "texture": "#texture"}
			}
		},
		{
			"from": [1, 4, 15],
			"to": [3, 7, 16],
			"faces": {
				"north": {"uv": [13, 9, 15, 12], "texture": "#texture"},
				"east": {"uv": [13, 9, 14, 12], "texture": "#texture"},
				"south": {"uv": [15, 9, 13, 12], "texture": "#texture"},
				"west": {"uv": [14, 9, 15, 12], "texture": "#texture"},
				"up": {"uv": [0, 0, 2, 1], "texture": "#texture"},
				"down": {"uv": [0, 0, 2, 1], "texture": "#texture"}
			}
		},
		{
			"from": [1, 10, 15],
			"to": [3, 12, 16],
			"faces": {
				"north": {"uv": [13, 4, 15, 6], "texture": "#texture"},
				"east": {"uv": [13, 4, 14, 6], "texture": "#texture"},
				"south": {"uv": [15, 4, 13, 6], "texture": "#texture"},
				"west": {"uv": [14, 4, 15, 6], "texture": "#texture"},
				"up": {"uv": [0, 0, 2, 1], "texture": "#texture"},
				"down": {"uv": [0, 0, 2, 1], "texture": "#texture"}
			}
		},
		{
			"from": [1, 15, 15],
			"to": [3, 16, 16],
			"faces": {
				"north": {"uv": [13, 0, 15, 1], "texture": "#texture"},
				"east": {"uv": [13, 0, 14, 1], "texture": "#texture"},
				"south": {"uv": [15, 0, 13, 1], "texture": "#texture"},
				"west": {"uv": [14, 0, 15, 1], "texture": "#texture"},
				"up": {"uv": [15, 0, 13, 1], "texture": "#texture"},
				"down": {"uv": [0, 0, 2, 1], "texture": "#texture"}
			}
		},
		{
			"from": [13, 0, 15],
			"to": [15, 1, 16],
			"faces": {
				"north": {"uv": [1, 15, 3, 16], "texture": "#texture"},
				"east": {"uv": [1, 15, 2, 16], "texture": "#texture"},
				"south": {"uv": [3, 15, 1, 16], "texture": "#texture"},
				"west": {"uv": [1, 15, 2, 16], "texture": "#texture"},
				"up": {"uv": [0, 0, 2, 1], "texture": "#texture"},
				"down": {"uv": [3, 15, 1, 16], "texture": "#texture"}
			}
		},
		{
			"from": [13, 4, 15],
			"to": [15, 7, 16],
			"faces": {
				"north": {"uv": [1, 9, 3, 12], "texture": "#texture"},
				"east": {"uv": [1, 9, 2, 12], "texture": "#texture"},
				"south": {"uv": [3, 9, 1, 12], "texture": "#texture"},
				"west": {"uv": [2, 9, 3, 12], "texture": "#texture"},
				"up": {"uv": [0, 0, 2, 1], "texture": "#texture"},
				"down": {"uv": [0, 0, 2, 1], "texture": "#texture"}
			}
		},
		{
			"from": [13, 10, 15],
			"to": [15, 12, 16],
			"faces": {
				"north": {"uv": [1, 4, 3, 6], "texture": "#texture"},
				"east": {"uv": [1, 4, 2, 6], "texture": "#texture"},
				"south": {"uv": [3, 4, 1, 6], "texture": "#texture"},
				"west": {"uv": [2, 4, 3, 6], "texture": "#texture"},
				"up": {"uv": [0, 0, 2, 1], "texture": "#texture"},
				"down": {"uv": [0, 0, 2, 1], "texture": "#texture"}
			}
		},
		{
			"from": [13, 15, 15],
			"to": [15, 16, 16],
			"faces": {
				"north": {"uv": [1, 0, 3, 1], "texture": "#texture"},
				"east": {"uv": [1, 0, 2, 1], "texture": "#texture"},
				"south": {"uv": [3, 0, 1, 1], "texture": "#texture"},
				"west": {"uv": [2, 0, 3, 1], "texture": "#texture"},
				"up": {"uv": [3, 0, 1, 1], "texture": "#texture"},
				"down": {"uv": [0, 0, 2, 1], "texture": "#texture"}
			}
		}
	],
	"groups": [
		{
			"name": "rungs",
			"origin": [8, 8, 8],
			"color": 0,
			"children": [0, 1, 2]
		},
		{
			"name": "pole-r",
			"origin": [8, 8, 8],
			"color": 0,
			"children": [3, 4, 5, 6]
		},
		{
			"name": "pole-l",
			"origin": [8, 8, 8],
			"color": 0,
			"children": [7, 8, 9, 10]
		}
	]
}