{
	"credit": "Made with Blockbench",
	"parent": "quark:block/ladder_but_not_the_vanilla_one_so_resourcepacks_dont_override_it",
	"textures": {
		"particle": "quark:block/warped_ladder",
		"texture": "quark:block/warped_ladder"
	},
	"elements": [
		{
			"from": [0, 13, 15],
			"to": [1, 16, 16],
			"faces": {
				"north": {"uv": [15, 0, 16, 3], "texture": "#texture"},
				"east": {"uv": [0, 0, 1, 3], "texture": "#texture"},
				"south": {"uv": [15, 0, 16, 3], "texture": "#texture"},
				"west": {"uv": [15, 0, 16, 3], "texture": "#texture"},
				"up": {"uv": [15, 0, 16, 1], "texture": "#texture"},
				"down": {"uv": [15, 2, 16, 3], "texture": "#texture"}
			}
		},
		{
			"from": [1, 11, 15],
			"to": [2, 16, 16],
			"faces": {
				"north": {"uv": [14, 0, 15, 5], "texture": "#texture"},
				"east": {"uv": [14, 0, 15, 5], "texture": "#texture"},
				"south": {"uv": [15, 0, 14, 5], "texture": "#texture"},
				"west": {"uv": [14, 0, 15, 5], "texture": "#texture"},
				"up": {"uv": [14, 0, 15, 1], "texture": "#texture"},
				"down": {"uv": [14, 4, 15, 5], "texture": "#texture"}
			}
		},
		{
			"from": [2, 12, 15],
			"to": [3, 16, 16],
			"faces": {
				"north": {"uv": [13, 0, 14, 4], "texture": "#texture"},
				"east": {"uv": [0, 0, 1, 4], "texture": "#texture"},
				"south": {"uv": [13, 0, 14, 4], "texture": "#texture"},
				"west": {"uv": [0, 0, 1, 4], "texture": "#texture"},
				"up": {"uv": [13, 0, 14, 1], "texture": "#texture"},
				"down": {"uv": [13, 3, 14, 4], "texture": "#texture"}
			}
		},
		{
			"from": [3, 11, 15],
			"to": [4, 16, 16],
			"faces": {
				"north": {"uv": [12, 0, 13, 5], "texture": "#texture"},
				"east": {"uv": [12, 0, 13, 5], "texture": "#texture"},
				"south": {"uv": [12, 0, 13, 5], "texture": "#texture"},
				"west": {"uv": [12, 0, 13, 5], "texture": "#texture"},
				"up": {"uv": [12, 0, 13, 1], "texture": "#texture"},
				"down": {"uv": [12, 4, 13, 5], "texture": "#texture"}
			}
		},
		{
			"from": [4, 10, 15],
			"to": [5, 15, 16],
			"faces": {
				"north": {"uv": [11, 1, 12, 6], "texture": "#texture"},
				"east": {"uv": [0, 0, 1, 5], "texture": "#texture"},
				"south": {"uv": [11, 1, 12, 6], "texture": "#texture"},
				"west": {"uv": [11, 1, 12, 6], "texture": "#texture"},
				"up": {"uv": [0, 0, 1, 1], "texture": "#texture"},
				"down": {"uv": [11, 5, 12, 6], "texture": "#texture"}
			}
		},
		{
			"from": [5, 11, 15],
			"to": [6, 15, 16],
			"faces": {
				"north": {"uv": [10, 1, 11, 5], "texture": "#texture"},
				"east": {"uv": [0, 0, 1, 4], "texture": "#texture"},
				"south": {"uv": [10, 1, 11, 5], "texture": "#texture"},
				"west": {"uv": [0, 0, 1, 4], "texture": "#texture"},
				"up": {"uv": [10, 1, 11, 2], "texture": "#texture"},
				"down": {"uv": [0, 0, 1, 1], "texture": "#texture"}
			}
		},
		{
			"from": [6, 11, 15],
			"to": [7, 16, 16],
			"faces": {
				"north": {"uv": [9, 0, 10, 5], "texture": "#texture"},
				"east": {"uv": [9, 0, 10, 5], "texture": "#texture"},
				"south": {"uv": [9, 0, 10, 5], "texture": "#texture"},
				"west": {"uv": [9, 0, 10, 5], "texture": "#texture"},
				"up": {"uv": [9, 0, 10, 1], "texture": "#texture"},
				"down": {"uv": [0, 0, 1, 1], "texture": "#texture"}
			}
		},
		{
			"from": [7, 11, 15],
			"to": [8, 13, 16],
			"faces": {
				"north": {"uv": [8, 3, 9, 5], "texture": "#texture"},
				"east": {"uv": [8, 3, 9, 5], "texture": "#texture"},
				"south": {"uv": [8, 3, 9, 5], "texture": "#texture"},
				"west": {"uv": [0, 0, 1, 2], "texture": "#texture"},
				"up": {"uv": [8, 3, 9, 4], "texture": "#texture"},
				"down": {"uv": [0, 0, 1, 1], "texture": "#texture"}
			}
		},
		{
			"from": [8, 11, 15],
			"to": [9, 12, 16],
			"faces": {
				"north": {"uv": [7, 4, 8, 5], "texture": "#texture"},
				"east": {"uv": [7, 4, 8, 5], "texture": "#texture"},
				"south": {"uv": [7, 4, 8, 5], "texture": "#texture"},
				"west": {"uv": [0, 0, 1, 1], "texture": "#texture"},
				"up": {"uv": [7, 4, 8, 5], "texture": "#texture"},
				"down": {"uv": [0, 0, 1, 1], "texture": "#texture"}
			}
		},
		{
			"from": [15, 12, 15],
			"to": [16, 16, 16],
			"faces": {
				"north": {"uv": [0, 0, 1, 4], "texture": "#texture"},
				"east": {"uv": [0, 0, 1, 4], "texture": "#texture"},
				"south": {"uv": [0, 0, 1, 4], "texture": "#texture"},
				"west": {"uv": [0, 0, 1, 4], "texture": "#texture"},
				"up": {"uv": [0, 0, 1, 1], "texture": "#texture"},
				"down": {"uv": [0, 3, 1, 4], "texture": "#texture"}
			}
		},
		{
			"from": [14, 9, 15],
			"to": [15, 16, 16],
			"faces": {
				"north": {"uv": [1, 0, 2, 7], "texture": "#texture"},
				"east": {"uv": [1, 0, 2, 7], "texture": "#texture"},
				"south": {"uv": [1, 0, 2, 7], "texture": "#texture"},
				"west": {"uv": [1, 0, 2, 7], "texture": "#texture"},
				"up": {"uv": [1, 0, 2, 1], "texture": "#texture"},
				"down": {"uv": [1, 6, 2, 7], "texture": "#texture"}
			}
		},
		{
			"from": [13, 10, 15],
			"to": [14, 16, 16],
			"faces": {
				"north": {"uv": [2, 0, 3, 6], "texture": "#texture"},
				"east": {"uv": [0, 0, 1, 6], "texture": "#texture"},
				"south": {"uv": [2, 0, 3, 6], "texture": "#texture"},
				"west": {"uv": [2, 0, 3, 6], "texture": "#texture"},
				"up": {"uv": [2, 0, 3, 1], "texture": "#texture"},
				"down": {"uv": [2, 5, 3, 6], "texture": "#texture"}
			}
		},
		{
			"from": [12, 9, 15],
			"to": [13, 15, 16],
			"faces": {
				"north": {"uv": [3, 1, 4, 7], "texture": "#texture"},
				"east": {"uv": [3, 1, 4, 7], "texture": "#texture"},
				"south": {"uv": [4, 1, 3, 7], "texture": "#texture"},
				"west": {"uv": [3, 1, 4, 7], "texture": "#texture"},
				"up": {"uv": [3, 1, 4, 2], "texture": "#texture"},
				"down": {"uv": [3, 6, 4, 7], "texture": "#texture"}
			}
		},
		{
			"from": [10, 11, 15],
			"to": [12, 14, 16],
			"faces": {
				"north": {"uv": [4, 2, 6, 5], "texture": "#texture"},
				"east": {"uv": [0, 0, 1, 3], "texture": "#texture"},
				"south": {"uv": [6, 2, 4, 5], "texture": "#texture"},
				"west": {"uv": [5, 2, 6, 5], "texture": "#texture"},
				"up": {"uv": [6, 2, 4, 3], "texture": "#texture"},
				"down": {"uv": [0, 0, 2, 1], "texture": "#texture"}
			}
		},
		{
			"from": [0, 0, 15],
			"to": [1, 4, 16],
			"faces": {
				"north": {"uv": [15, 12, 16, 16], "texture": "#texture"},
				"east": {"uv": [0, 0, 1, 4], "texture": "#texture"},
				"south": {"uv": [15, 12, 16, 16], "texture": "#texture"},
				"west": {"uv": [15, 12, 16, 16], "texture": "#texture"},
				"up": {"uv": [15, 12, 16, 13], "texture": "#texture"},
				"down": {"uv": [15, 15, 16, 16], "texture": "#texture"}
			}
		},
		{
			"from": [1, 0, 15],
			"to": [2, 6, 16],
			"faces": {
				"north": {"uv": [14, 10, 15, 16], "texture": "#texture"},
				"east": {"uv": [0, 0, 1, 6], "texture": "#texture"},
				"south": {"uv": [14, 10, 15, 16], "texture": "#texture"},
				"west": {"uv": [14, 10, 15, 16], "texture": "#texture"},
				"up": {"uv": [14, 10, 15, 11], "texture": "#texture"},
				"down": {"uv": [14, 15, 15, 16], "texture": "#texture"}
			}
		},
		{
			"from": [2, 0, 15],
			"to": [3, 8, 16],
			"faces": {
				"north": {"uv": [13, 8, 14, 16], "texture": "#texture"},
				"east": {"uv": [13, 8, 14, 16], "texture": "#texture"},
				"south": {"uv": [13, 8, 14, 16], "texture": "#texture"},
				"west": {"uv": [13, 8, 14, 16], "texture": "#texture"},
				"up": {"uv": [13, 8, 14, 9], "texture": "#texture"},
				"down": {"uv": [13, 15, 14, 16], "texture": "#texture"}
			}
		},
		{
			"from": [3, 2, 15],
			"to": [4, 7, 16],
			"faces": {
				"north": {"uv": [12, 9, 13, 14], "texture": "#texture"},
				"east": {"uv": [12, 9, 13, 14], "texture": "#texture"},
				"south": {"uv": [12, 9, 13, 14], "texture": "#texture"},
				"west": {"uv": [0, 0, 1, 5], "texture": "#texture"},
				"up": {"uv": [12, 9, 13, 10], "texture": "#texture"},
				"down": {"uv": [12, 13, 13, 14], "texture": "#texture"}
			}
		},
		{
			"from": [4, 4, 15],
			"to": [5, 8, 16],
			"faces": {
				"north": {"uv": [11, 8, 12, 12], "texture": "#texture"},
				"east": {"uv": [0, 0, 1, 4], "texture": "#texture"},
				"south": {"uv": [11, 8, 12, 12], "texture": "#texture"},
				"west": {"uv": [11, 8, 12, 12], "texture": "#texture"},
				"up": {"uv": [11, 8, 12, 9], "texture": "#texture"},
				"down": {"uv": [11, 11, 12, 12], "texture": "#texture"}
			}
		},
		{
			"from": [15, 0, 15],
			"to": [16, 3, 16],
			"faces": {
				"north": {"uv": [0, 13, 1, 16], "texture": "#texture"},
				"east": {"uv": [0, 13, 1, 16], "texture": "#texture"},
				"south": {"uv": [0, 13, 1, 16], "texture": "#texture"},
				"west": {"uv": [0, 0, 1, 3], "texture": "#texture"},
				"up": {"uv": [0, 13, 1, 14], "texture": "#texture"},
				"down": {"uv": [0, 15, 1, 16], "texture": "#texture"}
			}
		},
		{
			"from": [14, 0, 15],
			"to": [15, 4, 16],
			"faces": {
				"north": {"uv": [1, 12, 2, 16], "texture": "#texture"},
				"east": {"uv": [1, 12, 2, 16], "texture": "#texture"},
				"south": {"uv": [1, 12, 2, 16], "texture": "#texture"},
				"west": {"uv": [0, 0, 1, 4], "texture": "#texture"},
				"up": {"uv": [1, 12, 2, 13], "texture": "#texture"},
				"down": {"uv": [1, 15, 2, 16], "texture": "#texture"}
			}
		},
		{
			"from": [13, 0, 15],
			"to": [14, 5, 16],
			"faces": {
				"north": {"uv": [2, 11, 3, 16], "texture": "#texture"},
				"east": {"uv": [2, 11, 3, 16], "texture": "#texture"},
				"south": {"uv": [2, 11, 3, 16], "texture": "#texture"},
				"west": {"uv": [2, 11, 3, 16], "texture": "#texture"},
				"up": {"uv": [2, 11, 3, 12], "texture": "#texture"},
				"down": {"uv": [2, 15, 3, 16], "texture": "#texture"}
			}
		},
		{
			"from": [12, 1, 15],
			"to": [13, 6, 16],
			"faces": {
				"north": {"uv": [3, 10, 4, 15], "texture": "#texture"},
				"east": {"uv": [3, 10, 4, 15], "texture": "#texture"},
				"south": {"uv": [3, 10, 4, 15], "texture": "#texture"},
				"west": {"uv": [0, 0, 1, 5], "texture": "#texture"},
				"up": {"uv": [3, 10, 4, 11], "texture": "#texture"},
				"down": {"uv": [3, 14, 4, 15], "texture": "#texture"}
			}
		},
		{
			"from": [11, 1, 15],
			"to": [12, 4, 16],
			"faces": {
				"north": {"uv": [4, 12, 5, 15], "texture": "#texture"},
				"east": {"uv": [0, 0, 1, 3], "texture": "#texture"},
				"south": {"uv": [4, 12, 5, 15], "texture": "#texture"},
				"west": {"uv": [4, 12, 5, 15], "texture": "#texture"},
				"up": {"uv": [0, 0, 1, 1], "texture": "#texture"},
				"down": {"uv": [4, 14, 5, 15], "texture": "#texture"}
			}
		},
		{
			"from": [10, 2, 15],
			"to": [11, 4, 16],
			"faces": {
				"north": {"uv": [5, 12, 6, 14], "texture": "#texture"},
				"east": {"uv": [0, 0, 1, 2], "texture": "#texture"},
				"south": {"uv": [5, 12, 6, 14], "texture": "#texture"},
				"west": {"uv": [0, 0, 1, 2], "texture": "#texture"},
				"up": {"uv": [0, 0, 1, 1], "texture": "#texture"},
				"down": {"uv": [5, 13, 6, 14], "texture": "#texture"}
			}
		},
		{
			"from": [9, 1, 15],
			"to": [10, 4, 16],
			"faces": {
				"north": {"uv": [6, 12, 7, 15], "texture": "#texture"},
				"east": {"uv": [6, 12, 7, 15], "texture": "#texture"},
				"south": {"uv": [6, 12, 7, 15], "texture": "#texture"},
				"west": {"uv": [6, 12, 7, 15], "texture": "#texture"},
				"up": {"uv": [0, 0, 1, 1], "texture": "#texture"},
				"down": {"uv": [6, 14, 7, 15], "texture": "#texture"}
			}
		},
		{
			"from": [8, 3, 15],
			"to": [9, 4, 16],
			"faces": {
				"north": {"uv": [7, 12, 8, 13], "texture": "#texture"},
				"east": {"uv": [0, 0, 1, 1], "texture": "#texture"},
				"south": {"uv": [7, 12, 8, 13], "texture": "#texture"},
				"west": {"uv": [7, 12, 8, 13], "texture": "#texture"},
				"up": {"uv": [0, 0, 1, 1], "texture": "#texture"},
				"down": {"uv": [7, 12, 8, 13], "texture": "#texture"}
			}
		},
		{
			"name": "center",
			"from": [5, 4, 15],
			"to": [12, 11, 16],
			"faces": {
				"north": {"uv": [4, 5, 11, 12], "texture": "#texture"},
				"east": {"uv": [4, 5, 5, 12], "texture": "#texture"},
				"south": {"uv": [11, 5, 4, 12], "texture": "#texture"},
				"west": {"uv": [10, 5, 11, 12], "texture": "#texture"},
				"up": {"uv": [11, 5, 4, 6], "texture": "#texture"},
				"down": {"uv": [11, 11, 4, 12], "texture": "#texture"}
			}
		}
	],
	"groups": [
		{
			"name": "top-right",
			"origin": [8, 8, 8],
			"color": 0,
			"children": [0, 1, 2, 3, 4, 5, 6, 7, 8]
		},
		{
			"name": "top-left",
			"origin": [8, 8, 8],
			"color": 0,
			"children": [9, 10, 11, 12, 13]
		},
		{
			"name": "lower-right",
			"origin": [8, 8, 8],
			"color": 0,
			"children": [14, 15, 16, 17, 18]
		},
		{
			"name": "lower-left",
			"origin": [8, 8, 8],
			"color": 0,
			"children": [19, 20, 21, 22, 23, 24, 25, 26]
		},
		27
	]
}