{
	"credit": "Made with Blockbench",
	"parent": "block/ladder",
	"ambientocclusion": false,
	"textures": {
		"particle": "bamboo_blocks:block/bamboo_ladder",
		"texture": "bamboo_blocks:block/bamboo_ladder"
	},
	"elements": [
		{
			"name": "pole-r",
			"from": [0, 0, 15],
			"to": [3, 16, 16],
			"faces": {
				"north": {"uv": [13, 0, 16, 16], "texture": "#texture"},
				"east": {"uv": [13, 0, 14, 16], "texture": "#texture"},
				"south": {"uv": [16, 0, 13, 16], "texture": "#texture"},
				"west": {"uv": [15, 0, 16, 16], "texture": "#texture"},
				"up": {"uv": [16, 0, 13, 1], "texture": "#texture"},
				"down": {"uv": [16, 15, 13, 16], "texture": "#texture"}
			}
		},
		{
			"name": "pole-l",
			"from": [13, 0, 15],
			"to": [16, 16, 16],
			"faces": {
				"north": {"uv": [0, 0, 3, 16], "texture": "#texture"},
				"east": {"uv": [0, 0, 1, 16], "texture": "#texture"},
				"south": {"uv": [3, 0, 0, 16], "texture": "#texture"},
				"west": {"uv": [2, 0, 3, 16], "texture": "#texture"},
				"up": {"uv": [0, 0, 3, 1], "texture": "#texture"},
				"down": {"uv": [3, 15, 0, 16], "texture": "#texture"}
			}
		},
		{
			"name": "rung-t",
			"from": [3, 11, 15],
			"to": [13, 14, 16],
			"faces": {
				"north": {"uv": [3, 2, 13, 5], "texture": "#texture"},
				"east": {"uv": [0, 0, 1, 3], "texture": "#texture"},
				"south": {"uv": [13, 2, 3, 5], "texture": "#texture"},
				"west": {"uv": [0, 0, 1, 3], "texture": "#texture"},
				"up": {"uv": [13, 2, 3, 3], "texture": "#texture"},
				"down": {"uv": [13, 4, 3, 5], "texture": "#texture"}
			}
		},
		{
			"name": "rung-b",
			"from": [3, 2, 15],
			"to": [13, 5, 16],
			"faces": {
				"north": {"uv": [3, 11, 13, 14], "texture": "#texture"},
				"east": {"uv": [0, 0, 1, 3], "texture": "#texture"},
				"south": {"uv": [13, 11, 3, 14], "texture": "#texture"},
				"west": {"uv": [0, 0, 1, 3], "texture": "#texture"},
				"up": {"uv": [13, 11, 3, 12], "texture": "#texture"},
				"down": {"uv": [13, 13, 3, 14], "texture": "#texture"}
			}
		}
	]
}