{
	"credit": "Made with Blockbench",
	"parent": "block/ladder",
	"textures": {
		"particle": "endergetic:block/poise_ladder",
		"texture": "endergetic:block/poise_ladder"
	},
	"elements": [
		{
			"from": [3, 15, 15],
			"to": [5, 16, 16],
			"faces": {
				"north": {"uv": [11, 0, 13, 1], "texture": "#texture"},
				"east": {"uv": [11, 0, 12, 1], "texture": "#texture"},
				"south": {"uv": [13, 0, 11, 1], "texture": "#texture"},
				"west": {"uv": [12, 0, 13, 1], "texture": "#texture"},
				"up": {"uv": [13, 0, 11, 1], "texture": "#texture"},
				"down": {"uv": [0, 1, 2, 2], "texture": "#texture"}
			}
		},
		{
			"from": [3, 7, 15],
			"to": [5, 10, 16],
			"faces": {
				"north": {"uv": [11, 6, 13, 9], "texture": "#texture"},
				"east": {"uv": [11, 6, 12, 9], "texture": "#texture"},
				"south": {"uv": [13, 6, 11, 9], "texture": "#texture"},
				"west": {"uv": [12, 6, 13, 9], "texture": "#texture"},
				"up": {"uv": [0, 0, 2, 1], "texture": "#texture"},
				"down": {"uv": [0, 0, 2, 1], "texture": "#texture"}
			}
		},
		{
			"from": [3, 0, 15],
			"to": [5, 2, 16],
			"faces": {
				"north": {"uv": [11, 14, 13, 16], "texture": "#texture"},
				"east": {"uv": [11, 14, 12, 16], "texture": "#texture"},
				"south": {"uv": [13, 14, 11, 16], "texture": "#texture"},
				"west": {"uv": [12, 14, 13, 16], "texture": "#texture"},
				"up": {"uv": [0, 0, 2, 1], "texture": "#texture"},
				"down": {"uv": [13, 15, 11, 16], "texture": "#texture"}
			}
		},
		{
			"from": [11, 0, 15],
			"to": [13, 2, 16],
			"faces": {
				"north": {"uv": [3, 14, 5, 16], "texture": "#texture"},
				"east": {"uv": [3, 14, 4, 16], "texture": "#texture"},
				"south": {"uv": [5, 14, 3, 16], "texture": "#texture"},
				"west": {"uv": [4, 14, 5, 16], "texture": "#texture"},
				"up": {"uv": [0, 0, 2, 1], "texture": "#texture"},
				"down": {"uv": [5, 15, 3, 16], "texture": "#texture"}
			}
		},
		{
			"from": [11, 15, 15],
			"to": [13, 16, 16],
			"faces": {
				"north": {"uv": [3, 0, 5, 1], "texture": "#texture"},
				"east": {"uv": [3, 0, 4, 1], "texture": "#texture"},
				"south": {"uv": [5, 0, 3, 1], "texture": "#texture"},
				"west": {"uv": [4, 0, 5, 1], "texture": "#texture"},
				"up": {"uv": [5, 0, 3, 1], "texture": "#texture"},
				"down": {"uv": [0, 1, 2, 2], "texture": "#texture"}
			}
		},
		{
			"from": [11, 7, 15],
			"to": [13, 10, 16],
			"faces": {
				"north": {"uv": [3, 6, 5, 9], "texture": "#texture"},
				"east": {"uv": [3, 6, 4, 9], "texture": "#texture"},
				"south": {"uv": [5, 6, 3, 9], "texture": "#texture"},
				"west": {"uv": [4, 6, 5, 9], "texture": "#texture"},
				"up": {"uv": [0, 0, 2, 1], "texture": "#texture"},
				"down": {"uv": [0, 0, 2, 1], "texture": "#texture"}
			}
		},
		{
			"from": [3, 14, 15],
			"to": [13, 15, 16],
			"faces": {
				"north": {"uv": [3, 1, 13, 2], "texture": "#texture"},
				"east": {"uv": [3, 1, 4, 2], "texture": "#texture"},
				"south": {"uv": [13, 1, 3, 2], "texture": "#texture"},
				"west": {"uv": [12, 1, 13, 2], "texture": "#texture"},
				"up": {"uv": [13, 1, 3, 2], "texture": "#texture"},
				"down": {"uv": [13, 1, 3, 2], "texture": "#texture"}
			}
		},
		{
			"from": [2, 13, 15],
			"to": [5, 14, 16],
			"faces": {
				"north": {"uv": [11, 2, 14, 3], "texture": "#texture"},
				"east": {"uv": [11, 2, 12, 3], "texture": "#texture"},
				"south": {"uv": [14, 2, 11, 3], "texture": "#texture"},
				"west": {"uv": [13, 2, 14, 3], "texture": "#texture"},
				"up": {"uv": [11, 2, 14, 3], "texture": "#texture"},
				"down": {"uv": [14, 2, 11, 3], "texture": "#texture"}
			}
		},
		{
			"from": [2, 12, 15],
			"to": [4, 13, 16],
			"faces": {
				"north": {"uv": [12, 3, 14, 4], "texture": "#texture"},
				"east": {"uv": [12, 3, 13, 4], "texture": "#texture"},
				"south": {"uv": [14, 3, 12, 4], "texture": "#texture"},
				"west": {"uv": [13, 3, 14, 4], "texture": "#texture"},
				"up": {"uv": [14, 3, 12, 4], "texture": "#texture"},
				"down": {"uv": [14, 3, 12, 4], "texture": "#texture"}
			}
		},
		{
			"from": [2, 11, 15],
			"to": [5, 12, 16],
			"faces": {
				"north": {"uv": [11, 4, 14, 5], "texture": "#texture"},
				"east": {"uv": [11, 4, 12, 5], "texture": "#texture"},
				"south": {"uv": [14, 4, 11, 5], "texture": "#texture"},
				"west": {"uv": [13, 4, 14, 5], "texture": "#texture"},
				"up": {"uv": [14, 4, 11, 5], "texture": "#texture"},
				"down": {"uv": [14, 4, 11, 5], "texture": "#texture"}
			}
		},
		{
			"from": [11, 13, 15],
			"to": [14, 14, 16],
			"faces": {
				"north": {"uv": [2, 2, 5, 3], "texture": "#texture"},
				"east": {"uv": [2, 2, 3, 3], "texture": "#texture"},
				"south": {"uv": [5, 2, 2, 3], "texture": "#texture"},
				"west": {"uv": [4, 2, 5, 3], "texture": "#texture"},
				"up": {"uv": [5, 2, 2, 3], "texture": "#texture"},
				"down": {"uv": [5, 2, 2, 3], "texture": "#texture"}
			}
		},
		{
			"from": [12, 12, 15],
			"to": [14, 13, 16],
			"faces": {
				"north": {"uv": [2, 3, 4, 4], "texture": "#texture"},
				"east": {"uv": [2, 3, 3, 4], "texture": "#texture"},
				"south": {"uv": [4, 3, 2, 4], "texture": "#texture"},
				"west": {"uv": [3, 3, 4, 4], "texture": "#texture"},
				"up": {"uv": [4, 3, 2, 4], "texture": "#texture"},
				"down": {"uv": [4, 3, 2, 4], "texture": "#texture"}
			}
		},
		{
			"from": [11, 11, 15],
			"to": [14, 12, 16],
			"faces": {
				"north": {"uv": [2, 4, 5, 5], "texture": "#texture"},
				"east": {"uv": [2, 4, 3, 5], "texture": "#texture"},
				"south": {"uv": [5, 4, 2, 5], "texture": "#texture"},
				"west": {"uv": [4, 4, 5, 5], "texture": "#texture"},
				"up": {"uv": [5, 4, 2, 5], "texture": "#texture"},
				"down": {"uv": [5, 4, 2, 5], "texture": "#texture"}
			}
		},
		{
			"from": [3, 10, 15],
			"to": [13, 11, 16],
			"faces": {
				"north": {"uv": [3, 5, 13, 6], "texture": "#texture"},
				"east": {"uv": [3, 5, 4, 6], "texture": "#texture"},
				"south": {"uv": [3, 5, 13, 6], "texture": "#texture"},
				"west": {"uv": [12, 5, 13, 6], "texture": "#texture"},
				"up": {"uv": [3, 5, 13, 6], "texture": "#texture"},
				"down": {"uv": [3, 5, 13, 6], "texture": "#texture"}
			}
		},
		{
			"from": [3, 6, 15],
			"to": [13, 7, 16],
			"faces": {
				"north": {"uv": [3, 9, 13, 10], "texture": "#texture"},
				"east": {"uv": [3, 9, 4, 10], "texture": "#texture"},
				"south": {"uv": [13, 9, 3, 10], "texture": "#texture"},
				"west": {"uv": [12, 9, 13, 10], "texture": "#texture"},
				"up": {"uv": [13, 9, 3, 10], "texture": "#texture"},
				"down": {"uv": [13, 9, 3, 10], "texture": "#texture"}
			}
		},
		{
			"from": [2, 5, 15],
			"to": [5, 6, 16],
			"faces": {
				"north": {"uv": [11, 10, 14, 11], "texture": "#texture"},
				"east": {"uv": [11, 10, 12, 11], "texture": "#texture"},
				"south": {"uv": [14, 10, 11, 11], "texture": "#texture"},
				"west": {"uv": [13, 10, 14, 11], "texture": "#texture"},
				"up": {"uv": [11, 10, 14, 11], "texture": "#texture"},
				"down": {"uv": [14, 10, 11, 11], "texture": "#texture"}
			}
		},
		{
			"from": [2, 4, 15],
			"to": [4, 5, 16],
			"faces": {
				"north": {"uv": [12, 11, 14, 12], "texture": "#texture"},
				"east": {"uv": [12, 11, 13, 12], "texture": "#texture"},
				"south": {"uv": [14, 11, 12, 12], "texture": "#texture"},
				"west": {"uv": [13, 11, 14, 12], "texture": "#texture"},
				"up": {"uv": [14, 11, 12, 12], "texture": "#texture"},
				"down": {"uv": [14, 11, 12, 12], "texture": "#texture"}
			}
		},
		{
			"from": [2, 3, 15],
			"to": [5, 4, 16],
			"faces": {
				"north": {"uv": [11, 12, 14, 13], "texture": "#texture"},
				"east": {"uv": [11, 12, 12, 13], "texture": "#texture"},
				"south": {"uv": [14, 12, 11, 13], "texture": "#texture"},
				"west": {"uv": [13, 12, 14, 13], "texture": "#texture"},
				"up": {"uv": [14, 12, 11, 13], "texture": "#texture"},
				"down": {"uv": [14, 12, 11, 13], "texture": "#texture"}
			}
		},
		{
			"from": [11, 5, 15],
			"to": [14, 6, 16],
			"faces": {
				"north": {"uv": [2, 10, 5, 11], "texture": "#texture"},
				"east": {"uv": [2, 10, 3, 11], "texture": "#texture"},
				"south": {"uv": [5, 10, 2, 11], "texture": "#texture"},
				"west": {"uv": [4, 10, 5, 11], "texture": "#texture"},
				"up": {"uv": [5, 10, 2, 11], "texture": "#texture"},
				"down": {"uv": [5, 10, 2, 11], "texture": "#texture"}
			}
		},
		{
			"from": [12, 4, 15],
			"to": [14, 5, 16],
			"faces": {
				"north": {"uv": [2, 11, 4, 12], "texture": "#texture"},
				"east": {"uv": [2, 11, 3, 12], "texture": "#texture"},
				"south": {"uv": [4, 11, 2, 12], "texture": "#texture"},
				"west": {"uv": [3, 11, 4, 12], "texture": "#texture"},
				"up": {"uv": [4, 11, 2, 12], "texture": "#texture"},
				"down": {"uv": [4, 11, 2, 12], "texture": "#texture"}
			}
		},
		{
			"from": [11, 3, 15],
			"to": [14, 4, 16],
			"faces": {
				"north": {"uv": [2, 12, 5, 13], "texture": "#texture"},
				"east": {"uv": [2, 12, 3, 13], "texture": "#texture"},
				"south": {"uv": [5, 12, 2, 13], "texture": "#texture"},
				"west": {"uv": [4, 12, 5, 13], "texture": "#texture"},
				"up": {"uv": [5, 12, 2, 13], "texture": "#texture"},
				"down": {"uv": [5, 12, 2, 13], "texture": "#texture"}
			}
		},
		{
			"from": [3, 2, 15],
			"to": [13, 3, 16],
			"faces": {
				"north": {"uv": [3, 13, 13, 14], "texture": "#texture"},
				"east": {"uv": [3, 13, 4, 14], "texture": "#texture"},
				"south": {"uv": [3, 13, 13, 14], "texture": "#texture"},
				"west": {"uv": [12, 13, 13, 14], "texture": "#texture"},
				"up": {"uv": [3, 13, 13, 14], "texture": "#texture"},
				"down": {"uv": [3, 13, 13, 14], "texture": "#texture"}
			}
		}
	],
	"groups": [
		{
			"name": "pole-r",
			"origin": [8, 8, 8],
			"color": 0,
			"children": [0, 1, 2]
		},
		{
			"name": "pole-l",
			"origin": [8, 8, 8],
			"color": 0,
			"children": [3, 4, 5]
		},
		{
			"name": "rung-t",
			"origin": [8, 8, 8],
			"color": 0,
			"children": [6, 7, 8, 9, 10, 11, 12, 13]
		},
		{
			"name": "rung-b",
			"origin": [8, 8, 8],
			"color": 0,
			"children": [14, 15, 16, 17, 18, 19, 20, 21]
		}
	]
}