{
	"credit": "Made with Blockbench",
	"parent": "block/ladder",
	"ambientocclusion": false,
	"textures": {
		"particle": "bayou_blues:block/cypress_ladder",
		"texture": "bayou_blues:block/cypress_ladder"
	},
	"elements": [
		{
			"from": [1, 13, 15],
			"to": [16, 15, 16],
			"faces": {
				"north": {"uv": [0, 1, 15, 3], "texture": "#texture"},
				"east": {"uv": [0, 1, 1, 3], "texture": "#texture"},
				"south": {"uv": [15, 1, 0, 3], "texture": "#texture"},
				"west": {"uv": [14, 1, 15, 3], "texture": "#texture"},
				"up": {"uv": [15, 1, 0, 2], "texture": "#texture"},
				"down": {"uv": [15, 2, 0, 3], "texture": "#texture"}
			}
		},
		{
			"from": [0, 9, 15],
			"to": [15, 11, 16],
			"faces": {
				"north": {"uv": [1, 5, 16, 7], "texture": "#texture"},
				"east": {"uv": [1, 5, 2, 7], "texture": "#texture"},
				"south": {"uv": [16, 5, 1, 7], "texture": "#texture"},
				"west": {"uv": [15, 5, 16, 7], "texture": "#texture"},
				"up": {"uv": [16, 5, 1, 6], "texture": "#texture"},
				"down": {"uv": [16, 6, 1, 7], "texture": "#texture"}
			}
		},
		{
			"from": [1, 5, 15],
			"to": [16, 7, 16],
			"faces": {
				"north": {"uv": [0, 9, 15, 11], "texture": "#texture"},
				"east": {"uv": [0, 9, 1, 11], "texture": "#texture"},
				"south": {"uv": [15, 9, 0, 11], "texture": "#texture"},
				"west": {"uv": [14, 9, 15, 11], "texture": "#texture"},
				"up": {"uv": [15, 9, 0, 10], "texture": "#texture"},
				"down": {"uv": [15, 10, 0, 11], "texture": "#texture"}
			}
		},
		{
			"from": [0, 1, 15],
			"to": [15, 3, 16],
			"faces": {
				"north": {"uv": [1, 13, 16, 15], "texture": "#texture"},
				"east": {"uv": [1, 13, 2, 15], "texture": "#texture"},
				"south": {"uv": [16, 13, 1, 15], "texture": "#texture"},
				"west": {"uv": [15, 13, 16, 15], "texture": "#texture"},
				"up": {"uv": [16, 13, 1, 14], "texture": "#texture"},
				"down": {"uv": [16, 14, 1, 15], "texture": "#texture"}
			}
		},
		{
			"from": [2, 15, 15],
			"to": [7, 16, 16],
			"faces": {
				"north": {"uv": [9, 0, 14, 1], "texture": "#texture"},
				"east": {"uv": [9, 0, 10, 1], "texture": "#texture"},
				"south": {"uv": [9, 0, 14, 1], "texture": "#texture"},
				"west": {"uv": [13, 0, 14, 1], "texture": "#texture"},
				"up": {"uv": [9, 0, 14, 1], "texture": "#texture"},
				"down": {"uv": [9, 0, 14, 1], "texture": "#texture"}
			}
		},
		{
			"from": [2, 11, 15],
			"to": [7, 13, 16],
			"faces": {
				"north": {"uv": [9, 3, 14, 5], "texture": "#texture"},
				"east": {"uv": [9, 3, 10, 5], "texture": "#texture"},
				"south": {"uv": [14, 3, 9, 5], "texture": "#texture"},
				"west": {"uv": [13, 3, 14, 5], "texture": "#texture"},
				"up": {"uv": [0, 0, 5, 1], "texture": "#texture"},
				"down": {"uv": [5, 0, 0, 1], "texture": "#texture"}
			}
		},
		{
			"from": [2, 7, 15],
			"to": [7, 9, 16],
			"faces": {
				"north": {"uv": [9, 7, 14, 9], "texture": "#texture"},
				"east": {"uv": [9, 7, 10, 9], "texture": "#texture"},
				"south": {"uv": [14, 7, 9, 9], "texture": "#texture"},
				"west": {"uv": [13, 7, 14, 9], "texture": "#texture"},
				"up": {"uv": [0, 0, 5, 1], "texture": "#texture"},
				"down": {"uv": [5, 0, 0, 1], "texture": "#texture"}
			}
		},
		{
			"from": [2, 3, 15],
			"to": [7, 5, 16],
			"faces": {
				"north": {"uv": [9, 11, 14, 13], "texture": "#texture"},
				"east": {"uv": [9, 11, 10, 13], "texture": "#texture"},
				"south": {"uv": [14, 11, 9, 13], "texture": "#texture"},
				"west": {"uv": [13, 11, 14, 13], "texture": "#texture"},
				"up": {"uv": [0, 0, 5, 1], "texture": "#texture"},
				"down": {"uv": [5, 0, 0, 1], "texture": "#texture"}
			}
		},
		{
			"from": [2, 0, 15],
			"to": [7, 1, 16],
			"faces": {
				"north": {"uv": [9, 0, 14, 1], "texture": "#texture"},
				"east": {"uv": [9, 0, 10, 1], "texture": "#texture"},
				"south": {"uv": [9, 0, 14, 1], "texture": "#texture"},
				"west": {"uv": [13, 0, 14, 1], "texture": "#texture"},
				"up": {"uv": [9, 0, 14, 1], "texture": "#texture"},
				"down": {"uv": [9, 0, 14, 1], "texture": "#texture"}
			}
		},
		{
			"from": [9, 15, 15],
			"to": [14, 16, 16],
			"faces": {
				"north": {"uv": [2, 0, 7, 1], "texture": "#texture"},
				"east": {"uv": [2, 0, 3, 1], "texture": "#texture"},
				"south": {"uv": [2, 0, 7, 1], "texture": "#texture"},
				"west": {"uv": [6, 0, 7, 1], "texture": "#texture"},
				"up": {"uv": [2, 0, 7, 1], "texture": "#texture"},
				"down": {"uv": [2, 0, 7, 1], "texture": "#texture"}
			}
		},
		{
			"from": [9, 11, 15],
			"to": [14, 13, 16],
			"faces": {
				"north": {"uv": [2, 3, 7, 5], "texture": "#texture"},
				"east": {"uv": [2, 3, 3, 5], "texture": "#texture"},
				"south": {"uv": [7, 3, 2, 5], "texture": "#texture"},
				"west": {"uv": [6, 3, 7, 5], "texture": "#texture"},
				"up": {"uv": [0, 0, 5, 1], "texture": "#texture"},
				"down": {"uv": [0, 0, 5, 1], "texture": "#texture"}
			}
		},
		{
			"from": [9, 7, 15],
			"to": [14, 9, 16],
			"faces": {
				"north": {"uv": [2, 7, 7, 9], "texture": "#texture"},
				"east": {"uv": [2, 7, 3, 9], "texture": "#texture"},
				"south": {"uv": [7, 7, 2, 9], "texture": "#texture"},
				"west": {"uv": [6, 7, 7, 9], "texture": "#texture"},
				"up": {"uv": [0, 0, 5, 1], "texture": "#texture"},
				"down": {"uv": [0, 0, 5, 1], "texture": "#texture"}
			}
		},
		{
			"from": [9, 3, 15],
			"to": [14, 5, 16],
			"faces": {
				"north": {"uv": [2, 11, 7, 13], "texture": "#texture"},
				"east": {"uv": [2, 11, 3, 13], "texture": "#texture"},
				"south": {"uv": [7, 11, 2, 13], "texture": "#texture"},
				"west": {"uv": [6, 11, 7, 13], "texture": "#texture"},
				"up": {"uv": [0, 0, 5, 1], "texture": "#texture"},
				"down": {"uv": [0, 0, 5, 1], "texture": "#texture"}
			}
		},
		{
			"from": [9, 0, 15],
			"to": [14, 1, 16],
			"faces": {
				"north": {"uv": [2, 0, 7, 1], "texture": "#texture"},
				"east": {"uv": [2, 0, 3, 1], "texture": "#texture"},
				"south": {"uv": [2, 0, 7, 1], "texture": "#texture"},
				"west": {"uv": [6, 0, 7, 1], "texture": "#texture"},
				"up": {"uv": [2, 0, 7, 1], "texture": "#texture"},
				"down": {"uv": [2, 0, 7, 1], "texture": "#texture"}
			}
		}
	],
	"groups": [
		{
			"name": "rungs",
			"origin": [8, 8, 8],
			"color": 0,
			"children": [0, 1, 2, 3]
		},
		{
			"name": "pole-r",
			"origin": [8, 8, 8],
			"color": 0,
			"children": [4, 5, 6, 7, 8]
		},
		{
			"name": "pole-l",
			"origin": [8, 8, 8],
			"color": 0,
			"children": [9, 10, 11, 12, 13]
		}
	]
}